track	start	end	label
AnjelEnru-Bhairavi-AK-MSS	04.39	04.40	rgmm
AlameluManga-Bhairavi-Annamacharya-NK	01.39	01.40	nd'nn
AlameluManga-Bhairavi-Annamacharya-NK	01.52	01.54	pdndp
BhairaviParameswari-Bhairavi-HMB-RH	02.59	03.01	pdndp
D. K. Jayaraman - Thaye Ezhai	02.08	02.09	sgr

Arukkuponnambalan-bhairavi-GKB-NM	00.09	00.10	sndp
Arukkuponnambalan-bhairavi-GKB-NM	00.21	00.23	pd'ns
Arukkuponnambalan-bhairavi-GKB-NM	01.06	01.08	pd'ns
Arukkuponnambalan-bhairavi-GKB-NM	01.10	01.12	sndp
Arukkuponnambalan-bhairavi-GKB-NM	01.35	01.36	pgrsh
Arukkuponnambalan-bhairavi-GKB-NM	02.47	02.49	n
Arukkuponnambalan-bhairavi-GKB-NM	02.51	02.52	sndp
Bhavadiya-Bhairavi-ST-Unknown	00.00	00.02	d'ns
Bhavadiya-Bhairavi-ST-Unknown	00.29	00.31	rnd'ns
Bhavadiya-Bhairavi-ST-Unknown	00.33	00.34	rgmp
Bhavadiya-Bhairavi-ST-Unknown	01.46	01.48	mn
Bhavadiya-Bhairavi-ST-Unknown	02.06	02.08	rgmp

Chintayamakanda-Bhairavi-MD-DKJ	00.07	00.09	ndp
Chintayamakanda-Bhairavi-MD-DKJ	00.41	00.43	sndp
Chintayamakanda-Bhairavi-MD-DKJ	01.40	01.41	rsnd'
Chintayamakanda-Bhairavi-MD-DKJ	02.45	02.47	pd'ns
Chintayamakanda-Bhairavi-MD-DKJ	03.51	03.53	nsrsndp
Chintayamakanda-Bhairavi-MD-DKJ	04.43	04.45	mgr
Chintayamakanda-Bhairavi-MD-DKJ	05.34	05.35	m
Chintayamakanda-Bhairavi-MD-DKJ	05.37	05.38	mpdpd
Chintayamakanda-Bhairavi-MD-DKJ	05.38	05.39	ndp
Chintayamakanda-Bhairavi-MD-DKJ	06.20	06.21	pd'n
Chintayamakanda-Bhairavi-MD-DKJ	06.24	06.25	pd'n
Chintayamakanda-Bhairavi-MD-DKJ	06.45	06.46	nsrsn
Chintayamakanda-Bhairavi-MD-DKJ	07.22	07.23	grsnd
Chintayamakanda-Bhairavi-MD-DKJ	07.23	07.25	pd'n
Chintayamakanda-Bhairavi-MD-DKJ	07.42	07.44	grsrsrnsp

Namminavarini-Bhairavi-Tyagaraja-NK	00.21	00.24	rgmppmgrs
Namminavarini-Bhairavi-Tyagaraja-NK	00.24	00.25	sgr
Namminavarini-Bhairavi-Tyagaraja-NK	01.19	01.20	mpd'n
Namminavarini-Bhairavi-Tyagaraja-NK	02.01	02.02	rsndp
Namminavarini-Bhairavi-Tyagaraja-NK	02.03	02.04	pdndpm
Namminavarini-Bhairavi-Tyagaraja-NK	02.17	02.20	pd'nd'ns
Namminavarini-Bhairavi-Tyagaraja-NK	02.40	02.41	rsndp
Namminavarini-Bhairavi-Tyagaraja-NK	02.41	02.42	d'ns
Namminavarini-Bhairavi-Tyagaraja-NK	03.28	03.30	m
Namminavarini-Bhairavi-Tyagaraja-NK	03.30	03.31	rgmrgs
Namminavarini-Bhairavi-Tyagaraja-NK	03.38	03.39	rgm
Namminavarini-Bhairavi-Tyagaraja-NK	03.54	03.56	nd'n
Namminavarini-Bhairavi-Tyagaraja-NK	04.10	04.11	rsndp
Namminavarini-Bhairavi-Tyagaraja-NK	04.48	04.50	snd'ns

nAthabrOvavE-Bhairavi-Tyagaraja-BMKChorus.mp3	00.02	00.03	pdnd
nAthabrOvavE-Bhairavi-Tyagaraja-BMKChorus.mp3	00.07	00.08	rgmp
nAthabrOvavE-Bhairavi-Tyagaraja-BMKChorus.mp3	01.13	01.14	pdnd
nAthabrOvavE-Bhairavi-Tyagaraja-BMKChorus.mp3	01.16	01.17	d'nsr
nAthabrOvavE-Bhairavi-Tyagaraja-BMKChorus.mp3	01.19	01.20	nrs

Nijamathe-Bhairavi-T-MS	00.01	00.03	rs
Nijamathe-Bhairavi-T-MS	00.03	00.05	rgmpd
Nijamathe-Bhairavi-T-MS	00.14	00.17	nsndp
Nijamathe-Bhairavi-T-MS	00.50	00.52	pd'n
Nijamathe-Bhairavi-T-MS	00.52	00.54	snd'ns
Nijamathe-Bhairavi-T-MS	01.07	01.09	nrsndp
Nijamathe-Bhairavi-T-MS	01.38	01.40	p
Nijamathe-Bhairavi-T-MS	01.41	01.43	dppmm
Nijamathe-Bhairavi-T-MS	01.43	01.45	npd'
Nijamathe-Bhairavi-T-MS	02.02	02.04	rgm

attaruNam abhayam-Bhairavi-PS-SSub	00.04	00.07	rgmp
attaruNam abhayam-Bhairavi-PS-SSub	00.10	00.11	sndp
attaruNam abhayam-Bhairavi-PS-SSub	01.13	01.15	pd'nsr
attaruNam abhayam-Bhairavi-PS-SSub	01.32	01.34	nrrsndp
attaruNam abhayam-Bhairavi-PS-SSub	01.45	01.46	grs
attaruNam abhayam-Bhairavi-PS-SSub	01.46	01.47	nrsndp
attaruNam abhayam-Bhairavi-PS-SSub	02.09	02.10	pnspndp
attaruNam abhayam-Bhairavi-PS-SSub	02.38	02.40	pdndp
attaruNam abhayam-Bhairavi-PS-SSub	02.41	02.42	pd'n
attaruNam abhayam-Bhairavi-PS-SSub	03.09	03.11	rsndpndpm
attaruNam abhayam-Bhairavi-PS-SSub	02.49	02.51	mdpg
attaruNam abhayam-Bhairavi-PS-SSub	03.01	03.33	nrsndp
attaruNam abhayam-Bhairavi-PS-SSub	03.27	03.29	pdnd
attaruNam abhayam-Bhairavi-PS-SSub	03.35	03.37	mpmgr
attaruNam abhayam-Bhairavi-PS-SSub	03.50	03.51	pdpd'ns
attaruNam abhayam-Bhairavi-PS-SSub	03.52	03.54	rsngrsnrsndp

ElaRadayene-Bhairavi TQC-NK	00.15	00.17	grsnd
ElaRadayene-Bhairavi TQC-NK	00.10	00.13	pd'ns
ElaRadayene-Bhairavi TQC-NK	00.42	00.44	dpd'nd
ElaRadayene-Bhairavi TQC-NK	00.48	00.49	rgmpd'n
ElaRadayene-Bhairavi TQC-NK	00.28	00.29	rgmgrs
ElaRadayene-Bhairavi TQC-NK	02.15	02.18	pdmpd'n
ElaRadayene-Bhairavi TQC-NK	02.18	02.21	rsnd'ns
ElaRadayene-Bhairavi TQC-NK	03.02	03.03	rsnd'ns
ElaRadayene-Bhairavi TQC-NK	02.43	02.45	rgsrndp


NeeSatiDora-Bhairavi-TQ-Unknown	00.02	00.06	nsnsr
NeeSatiDora-Bhairavi-TQ-Unknown	00.08	00.10	nrndp
NeeSatiDora-Bhairavi-TQ-Unknown	00.13	00.16	d,-p,-m,,,-D,-p-m-g,-r,
NeeSatiDora-Bhairavi-TQ-Unknown	00.34	00.36	gmpd'
NeeSatiDora-Bhairavi-TQ-Unknown	00.52	00.54	d'ndp
NeeSatiDora-Bhairavi-TQ-Unknown	00.56	01.00	gpgrgs
NeeSatiDora-Bhairavi-TQ-Unknown	01.00	01.03	nsgrgmpdp
NeeSatiDora-Bhairavi-TQ-Unknown	01.21	01.22	mgm
NeeSatiDora-Bhairavi-TQ-Unknown	01.44	01.46	rgmpdp

NiPadamule-bhairavi-PSI-DKP	00.05	00.09	rsnrsndp
NiPadamule-bhairavi-PSI-DKP	00.09	00.11	pdnd'npdm
NiPadamule-bhairavi-PSI-DKP	00.36	00.38	rmgrsgrsnd'
NiPadamule-bhairavi-PSI-DKP	00.39	00.40	nsrgmrgs
NiPadamule-bhairavi-PSI-DKP	01.027	01.30	dpmdp
NiPadamule-bhairavi-PSI-DKP	01.35	01.37	nsns
NiPadamule-bhairavi-PSI-DKP	01.54	01.55	nndd
NiPadamule-bhairavi-PSI-DKP	01.57	01.59	rgrsr
NiPadamule-bhairavi-PSI-DKP	02.17	02.18	gmpd'ns
NiPadamule-bhairavi-PSI-DKP	02.49	02.51	mgpgrgmp
NiPadamule-bhairavi-PSI-DKP	03.09	03.12	grgmpdpdnpdm
NiPadamule-bhairavi-PSI-DKP	03.15	03.18	srgpgr
NiPadamule-bhairavi-PSI-DKP	03.31	03.34	rgmmrgrs
NiPadamule-bhairavi-PSI-DKP	03.36	03.39	mpdpdmpd'ns
NiPadamule-bhairavi-PSI-DKP	03.50	03.52	spd'nsr

RaRaDasaratha-Bhairavi-WVB-PR	00.03	00.06	nsgrgmp
RaRaDasaratha-Bhairavi-WVB-PR	00.17	00.19	dmpd'
RaRaDasaratha-Bhairavi-WVB-PR	00.21	00.23	mndpmgrs
RaRaDasaratha-Bhairavi-WVB-PR	01.07	01.09	d'nsgr
RaRaDasaratha-Bhairavi-WVB-PR	01.20	01.22	rgsrsndp
RaRaDasaratha-Bhairavi-WVB-PR	01.58	02.01	pdndp
RaRaDasaratha-Bhairavi-WVB-PR	02.04	02.08	npd'rsndp
RaRaDasaratha-Bhairavi-WVB-PR	02.10	02.13	pdndp
RaRaDasaratha-Bhairavi-WVB-PR	02.10	02.13	dpm
RaRaDasaratha-Bhairavi-WVB-PR	02.39	02.43	nnsgrsrgsrndp


Ramarama-Bhairavi-Kshetragna-RR	00.07	00.08	n
Ramarama-Bhairavi-Kshetragna-RR	00.12	00.15	nrsndp
Ramarama-Bhairavi-Kshetragna-RR	00.16	00.21	md'pmgrs
Ramarama-Bhairavi-Kshetragna-RR	00.23	00.27	nsd'
Ramarama-Bhairavi-Kshetragna-RR	01.53	01.56	nsd'ns
Ramarama-Bhairavi-Kshetragna-RR	01.56	01.58	srggr
Ramarama-Bhairavi-Kshetragna-RR	02.00	02.03	gmpmg
Ramarama-Bhairavi-Kshetragna-RR	02.03	02.05	pgrs
Ramarama-Bhairavi-Kshetragna-RR	02.40	02.42	pd'ndp
Ramarama-Bhairavi-Kshetragna-RR	02.43	02.46	md'pmgrs
Ramarama-Bhairavi-Kshetragna-RR	03.02	03.06	gmpdp
Ramarama-Bhairavi-Kshetragna-RR	03.07	03.10	ndpm
Ramarama-Bhairavi-Kshetragna-RR	04.08	04.10	nd'ns
Ramarama-Bhairavi-Kshetragna-RR	04.10	04.13	nsrsndp
Ramarama-Bhairavi-Kshetragna-RR	04.14	04.15	sd'ns
Ramarama-Bhairavi-Kshetragna-RR	04.18	04.19	mpgr
Ramarama-Bhairavi-Kshetragna-RR	04.20	04.23	gmpdpd'pd'
Ramarama-Bhairavi-Kshetragna-RR	04.52	04.54	rns
Ramarama-Bhairavi-Kshetragna-RR	04.54	04.57	pdp
Ramarama-Bhairavi-Kshetragna-RR	05.00	05.04	ndp
Ramarama-Bhairavi-Kshetragna-RR	05.51	05.53	mpdp
Ramarama-Bhairavi-Kshetragna-RR	05.54	05.57	mdpmgrs
Ramarama-Bhairavi-Kshetragna-RR	06.05	06.07	grsn
Ramarama-Bhairavi-Kshetragna-RR	06.08	06.10	sgrgm
Ramarama-Bhairavi-Kshetragna-RR	06.12	06.15	d'nsndp
Ramarama-Bhairavi-Kshetragna-RR	06.23	06.28	srggr
Ramarama-Bhairavi-Kshetragna-RR	06.26	06.29	gmpmg

SriKesava-Bhairavi-MV-MSSh	00.02	00.03	pmgrs
SriKesava-Bhairavi-MV-MSSh	00.04	00.06	rgmrgrs
SriKesava-Bhairavi-MV-MSSh	00.07	00.08	sgr
SriKesava-Bhairavi-MV-MSSh	01.16	01.18	pdndpm
SriKesava-Bhairavi-MV-MSSh	01.18	01.19	pdndpd'
SriKesava-Bhairavi-MV-MSSh	02.31	02.32	pdndp
SriKesava-Bhairavi-MV-MSSh	02.33	02.35	mgpmdp
SriKesava-Bhairavi-MV-MSSh	02.49	02.50	rgm
SriKesava-Bhairavi-MV-MSSh	02.50	02.53	mndp
SriKesava-Bhairavi-MV-MSSh	02.53	02.55	mmm
SriKesava-Bhairavi-MV-MSSh	02.55	02.57	mgpmdp
SriKesava-Bhairavi-MV-MSSh	02.58	02.59	rgm
SriKesava-Bhairavi-MV-MSSh	03.01	03.02	nddp

SriLalita-bhairavi-AS-RKM	00.01	00.02	rsn
SriLalita-bhairavi-AS-RKM	00.03	00.04	grgmpd
SriLalita-bhairavi-AS-RKM	00.06	00.08	mpdns
SriLalita-bhairavi-AS-RKM	00.09	00.11	mndp
SriLalita-bhairavi-AS-RKM	00.48	00.49	sgrg	
SriLalita-bhairavi-AS-RKM	00.47	00.49	nsgrg
SriLalita-bhairavi-AS-RKM	01.47	01.49	nsgrg
SriLalita-bhairavi-AS-RKM	01.49	01.51	mpdp
SriLalita-bhairavi-AS-RKM	01.51	01.53	nndp
SriLalita-bhairavi-AS-RKM	02.37	02.39	pgrg
SriLalita-bhairavi-AS-RKM	02.53	02.55	rsndp

Ikanannubrova-Bhairavi-PSI-Mali	00.04	00.06	rns
Ikanannubrova-Bhairavi-PSI-Mali	00.06	00.09	rgmp
Ikanannubrova-Bhairavi-PSI-Mali	01.05	01.06	ramp
Ikanannubrova-Bhairavi-PSI-Mali	01.06	01.07	pmgrs
Ikanannubrova-Bhairavi-PSI-Mali	01.31	01.33	pdndp
Ikanannubrova-Bhairavi-PSI-Mali	01.28	01.30	grsrsnndp
Ikanannubrova-Bhairavi-PSI-Mali	02.05	02.07	pd'ns
Ikanannubrova-Bhairavi-PSI-Mali	02.16	02.17	d'ns
Ikanannubrova-Bhairavi-PSI-Mali	02.58	02.59	dpm
Ikanannubrova-Bhairavi-PSI-Mali	03.00	0302	mnd'n
Ikanannubrova-Bhairavi-PSI-Mali	04.12	04.14	rgmrgs
Ikanannubrova-Bhairavi-PSI-Mali	04.14	04.16	rgm

NeeArulayoTaye-Bhairavi-KPP-SV	00.03	00.06	n
NeeArulayoTaye-Bhairavi-KPP-SV	00.05	00.08	nddp
NeeArulayoTaye-Bhairavi-KPP-SV	00.08	00.10	mdp
NeeArulayoTaye-Bhairavi-KPP-SV	01.02	01.05	ndp
NeeArulayoTaye-Bhairavi-KPP-SV	01.12	01.14	rgmpd'
NeeArulayoTaye-Bhairavi-KPP-SV	01.59	02.01	ddndpm
NeeArulayoTaye-Bhairavi-KPP-SV	02.01	02.03	dpmg
NeeArulayoTaye-Bhairavi-KPP-SV	02.08	02.10	grgmp
NeeArulayoTaye-Bhairavi-KPP-SV	02.10	02.11	ndpm
NeeArulayoTaye-Bhairavi-KPP-SV	02.12	02.14	d'ns
NeeArulayoTaye-Bhairavi-KPP-SV	02.14	02.16	nsrgr
NeeArulayoTaye-Bhairavi-KPP-SV	02.16	02.18	sndp
NeeArulayoTaye-Bhairavi-KPP-SV	02.18	02.21	gmpd
NeeArulayoTaye-Bhairavi-KPP-SV	02.30	02.32	gmpd
NeeArulayoTaye-Bhairavi-KPP-SV	03.05	03.07	pndpm
NeeArulayoTaye-Bhairavi-KPP-SV	03.05	03.07	ndpm
NeeArulayoTaye-Bhairavi-KPP-SV	03.09	03.11	dpm
NeeArulayoTaye-Bhairavi-KPP-SV	03.09	03.11	dpmdp
NeeArulayoTaye-Bhairavi-KPP-SV	03.12	03.14	grgmp
NeeArulayoTaye-Bhairavi-KPP-SV	03.15	03.17	sgrgmp
NeeArulayoTaye-Bhairavi-KPP-SV	03.15	03.17	gmp
NeeArulayoTaye-Bhairavi-KPP-SV	03.17	03.19	pmpgm
NeeArulayoTaye-Bhairavi-KPP-SV	03.19	03.21	rgm
NeeArulayoTaye-Bhairavi-KPP-SV	03.19	03.21	gm
NeeArulayoTaye-Bhairavi-KPP-SV	03.20	03.23	gmrgsr
NeeArulayoTaye-Bhairavi-KPP-SV	03.23	03.25	rgsrns
NeeArulayoTaye-Bhairavi-KPP-SV	03.27	03.29	d'n
NeeArulayoTaye-Bhairavi-KPP-SV	03.29	03.30	ngrs
NeeArulayoTaye-Bhairavi-KPP-SV	03.28	03.30	grs
NeeArulayoTaye-Bhairavi-KPP-SV	03.30	03.32	ndp
NeeArulayoTaye-Bhairavi-KPP-SV	03.32	03.34	grs
NeeArulayoTaye-Bhairavi-KPP-SV	03.34	03.36	ndp
NeeArulayoTaye-Bhairavi-KPP-SV	03.36	03.38	grs
NeeArulayoTaye-Bhairavi-KPP-SV	03.38	03.40	rgmpd'
NeeArulayoTaye-Bhairavi-KPP-SV	04.37	04.38	nrs
NeeArulayoTaye-Bhairavi-KPP-SV	04.38	04.40	nrndp
NeeArulayoTaye-Bhairavi-KPP-SV	04.38	04.40	ndp
NeeArulayoTaye-Bhairavi-KPP-SV	04.40	04.42	mdp
NeeArulayoTaye-Bhairavi-KPP-SV	04.42	04.43	mpdp
NeeArulayoTaye-Bhairavi-KPP-SV	04.43	04.44	ndp
NeeArulayoTaye-Bhairavi-KPP-SV	04.43	04.46	ndpmgrs
NeeArulayoTaye-Bhairavi-KPP-SV	04.47	04.49	rgm
NeeArulayoTaye-Bhairavi-KPP-SV	04.47	04.49	rgmg
NeeArulayoTaye-Bhairavi-KPP-SV	04.49	04.50	grs
NeeArulayoTaye-Bhairavi-KPP-SV	04.50	04.52	rpm
NeeArulayoTaye-Bhairavi-KPP-SV	04.52	04.53	grs
NeeArulayoTaye-Bhairavi-KPP-SV	04.53	04.54	ndp
NeeArulayoTaye-Bhairavi-KPP-SV	04.54	04.56	grs
NeeArulayoTaye-Bhairavi-KPP-SV	04.55	04.57	rgmpd
NeeArulayoTaye-Bhairavi-KPP-SV	04.58	05.00	pmgm
NeeArulayoTaye-Bhairavi-KPP-SV	04.58	05.00	mgm
NeeArulayoTaye-Bhairavi-KPP-SV	05.00	05.02	mgrg
NeeArulayoTaye-Bhairavi-KPP-SV	05.02	05.04	grs
NeeArulayoTaye-Bhairavi-KPP-SV	05.02	05.04	grsr
NeeArulayoTaye-Bhairavi-KPP-SV	05.04	05.06	rsns
NeeArulayoTaye-Bhairavi-KPP-SV	05.06	05.08	rgmpd'n
NeeArulayoTaye-Bhairavi-KPP-SV	05.06	05.09	rgmpd'ns
NeeArulayoTaye-Bhairavi-KPP-SV	05.07	05.09	d'ns
NeeArulayoTaye-Bhairavi-KPP-SV	05.08	05.10	srg
NeeArulayoTaye-Bhairavi-KPP-SV	05.08	05.10	srgn
NeeArulayoTaye-Bhairavi-KPP-SV	05.10	05.12	srpdn
NeeArulayoTaye-Bhairavi-KPP-SV	05.10	05.12	pdn
NeeArulayoTaye-Bhairavi-KPP-SV	05.12	05.13	rgm
NeeArulayoTaye-Bhairavi-KPP-SV	05.14	05.15	srg
NeeArulayoTaye-Bhairavi-KPP-SV	05.16	05.18	grsn
NeeArulayoTaye-Bhairavi-KPP-SV	05.16	05.18	grs
NeeArulayoTaye-Bhairavi-KPP-SV	05.16	05.19	ndpm

MatheAvarSeitha-Bhairavi-GKI-SN	00.05	00.06	d'ns
MatheAvarSeitha-Bhairavi-GKI-SN	00.07	00.09	ndp
MatheAvarSeitha-Bhairavi-GKI-SN	00.07	00.09	srsnndp
MatheAvarSeitha-Bhairavi-GKI-SN	00.07	00.09	srs
MatheAvarSeitha-Bhairavi-GKI-SN	00.09	00.11	pndp
MatheAvarSeitha-Bhairavi-GKI-SN	00.09	00.11	dmp
MatheAvarSeitha-Bhairavi-GKI-SN	00.11	00.13	d'ns
MatheAvarSeitha-Bhairavi-GKI-SN	00.13	00.14	sndp
MatheAvarSeitha-Bhairavi-GKI-SN	00.15	00.18	pmgr
MatheAvarSeitha-Bhairavi-GKI-SN	00.15	00.17	g
MatheAvarSeitha-Bhairavi-GKI-SN	00.15	00.18	gpmgrrs
MatheAvarSeitha-Bhairavi-GKI-SN	00.30	00.31	nsgr
MatheAvarSeitha-Bhairavi-GKI-SN	00.31	00.33	gm
MatheAvarSeitha-Bhairavi-GKI-SN	00.33	00.35	pndp
MatheAvarSeitha-Bhairavi-GKI-SN	00.33	00.36	pdmp
MatheAvarSeitha-Bhairavi-GKI-SN	00.33	00.36	dmp
MatheAvarSeitha-Bhairavi-GKI-SN	00.35	00.36	d'nd'n
MatheAvarSeitha-Bhairavi-GKI-SN	00.36	00.38	npd
MatheAvarSeitha-Bhairavi-GKI-SN	01.41	01.42	pndp
MatheAvarSeitha-Bhairavi-GKI-SN	01.41	01.42	ndp
MatheAvarSeitha-Bhairavi-GKI-SN	01.46	01.49	sgrgmp
MatheAvarSeitha-Bhairavi-GKI-SN	01.46	01.49	sgr
MatheAvarSeitha-Bhairavi-GKI-SN	01.49	01.51	pndpdm
MatheAvarSeitha-Bhairavi-GKI-SN	01.56	01.58	grs
MatheAvarSeitha-Bhairavi-GKI-SN	02.38	02.39	pd'n
MatheAvarSeitha-Bhairavi-GKI-SN	02.39	02.41	d'ns
MatheAvarSeitha-Bhairavi-GKI-SN	02.41	02.42	rsnd'
MatheAvarSeitha-Bhairavi-GKI-SN	02.41	02.44	rsnd'ns
MatheAvarSeitha-Bhairavi-GKI-SN	02.42	02.44	ns
MatheAvarSeitha-Bhairavi-GKI-SN	03.08	03.09	nrs
MatheAvarSeitha-Bhairavi-GKI-SN	03.09	03.10	sndp
MatheAvarSeitha-Bhairavi-GKI-SN	03.11	03.13	rsndp
MatheAvarSeitha-Bhairavi-GKI-SN	03.13	03.14	pd'nd'
MatheAvarSeitha-Bhairavi-GKI-SN	04.00	04.02	pndp
MatheAvarSeitha-Bhairavi-GKI-SN	04.00	04.02	ndp
MatheAvarSeitha-Bhairavi-GKI-SN	04.04	04.06	pmgrs
MatheAvarSeitha-Bhairavi-GKI-SN	04.04	04.06	grs
MatheAvarSeitha-Bhairavi-GKI-SN	04.06	04.08	sgr
MatheAvarSeitha-Bhairavi-GKI-SN	04.06	04.08	sgrgmp
MatheAvarSeitha-Bhairavi-GKI-SN	04.09	04.11	pndp
MatheAvarSeitha-Bhairavi-GKI-SN	04.37	04.40	pmnd'n	
MatheAvarSeitha-Bhairavi-GKI-SN	04.37	04.40	nd'n
MatheAvarSeitha-Bhairavi-GKI-SN	05.02	05.04	sndp
MatheAvarSeitha-Bhairavi-GKI-SN	05.02	05.04	nrs
MatheAvarSeitha-Bhairavi-GKI-SN	05.07	05.09	grgm
MatheAvarSeitha-Bhairavi-GKI-SN	05.07	05.09	rgmm
MatheAvarSeitha-Bhairavi-GKI-SN	05.23	05.25	grgmp
MatheAvarSeitha-Bhairavi-GKI-SN	05.31	05.33	pndp
MatheAvarSeitha-Bhairavi-GKI-SN	05.33	05.35	dmp
MatheAvarSeitha-Bhairavi-GKI-SN	05.41	05.42	pd'nd'
MatheAvarSeitha-Bhairavi-GKI-SN	05.44	05.45	grn
MatheAvarSeitha-Bhairavi-GKI-SN	05.44	05.45	srn
MatheAvarSeitha-Bhairavi-GKI-SN	06.00	06.02	pgr
MatheAvarSeitha-Bhairavi-GKI-SN	06.00	06.02	pgrs
MatheAvarSeitha-Bhairavi-GKI-SN	06.03	06.05	d'ns
MatheAvarSeitha-Bhairavi-GKI-SN	06.03	06.05	nd'ns
MatheAvarSeitha-Bhairavi-GKI-SN	06.15	06.16	nrs
MatheAvarSeitha-Bhairavi-GKI-SN	06.16	06.18	nddp
MatheAvarSeitha-Bhairavi-GKI-SN	06.30	06.32	rndp
MatheAvarSeitha-Bhairavi-GKI-SN	06.33	06.34	pd'nd'

Balagopala-Bhairavi-MD-HB	00.03	00.04	sgr
Balagopala-Bhairavi-MD-HB	00.02	00.04	nnsgr
Balagopala-Bhairavi-MD-HB	00.03	00.005	grgm
Balagopala-Bhairavi-MD-HB	00.04	00.06	gmp
Balagopala-Bhairavi-MD-HB	00.08	00.10	d'ndp
Balagopala-Bhairavi-MD-HB	01.12	01.14	srnd'
Balagopala-Bhairavi-MD-HB	01.14	01.15	d'nsr
Balagopala-Bhairavi-MD-HB	01.14	01.15	d'ns
Balagopala-Bhairavi-MD-HB	01.15	01.17	rgmrgs
Balagopala-Bhairavi-MD-HB	01.17	01.18	sgrg
Balagopala-Bhairavi-MD-HB	01.19	01.20	mpdp
Balagopala-Bhairavi-MD-HB	01.19	01.20	mpdpmg
Balagopala-Bhairavi-MD-HB	01.20	01.21	pmgr
Balagopala-Bhairavi-MD-HB	01.22	01.23	rgmrgs
Balagopala-Bhairavi-MD-HB	01.12	01.14	nd'	
Balagopala-Bhairavi-MD-HB	00.12	00.14	grs
Balagopala-Bhairavi-MD-HB	00.12	00.14	pmgrs
Balagopala-Bhairavi-MD-HB	04.51	04.52	sgr
Balagopala-Bhairavi-MD-HB	05.20	05.21	nd'nn
Balagopala-Bhairavi-MD-HB	02.09	02.11	n
Balagopala-Bhairavi-MD-HB	02.11	02.12	d'ns
Balagopala-Bhairavi-MD-HB	02.12	02.14	nddp
Balagopala-Bhairavi-MD-HB	02.14	02.16	mpd'
Balagopala-Bhairavi-MD-HB	02.17	02.19	d'nr
Balagopala-Bhairavi-MD-HB	02.31	02.32	rsns
Balagopala-Bhairavi-MD-HB	02.55	02.57	ngr
Balagopala-Bhairavi-MD-HB	02.57	02.58	nsr
Balagopala-Bhairavi-MD-HB	02.57	02.58	ns
Balagopala-Bhairavi-MD-HB	02.58	03.00	rsnnd
Balagopala-Bhairavi-MD-HB	02.58	03.00	nd
Balagopala-Bhairavi-MD-HB	02.58	03.00	rsn
Balagopala-Bhairavi-MD-HB	03.00	03.02	dp
Balagopala-Bhairavi-MD-HB	03.02	03.04	pd'ns
Balagopala-Bhairavi-MD-HB	03.04	03.06	nsr
Balagopala-Bhairavi-MD-HB	03.04	03.06	rsn
Balagopala-Bhairavi-MD-HB	03.04	03.06	rsns
Balagopala-Bhairavi-MD-HB	03.18	03.19	n
Balagopala-Bhairavi-MD-HB	03.19	03.20	rs
Balagopala-Bhairavi-MD-HB	03.20	03.21	rsnd
Balagopala-Bhairavi-MD-HB	03.24	03.25	d'ns
Balagopala-Bhairavi-MD-HB	03.34	03.35	pd'ns
Balagopala-Bhairavi-MD-HB	03.35	03.37	rgrs
Balagopala-Bhairavi-MD-HB	03.37	03.38	sndp
Balagopala-Bhairavi-MD-HB	03.37	03.38	rsndp
Balagopala-Bhairavi-MD-HB	03.38	03.40	mdp
Balagopala-Bhairavi-MD-HB	03.40	03.41	mgrs
Balagopala-Bhairavi-MD-HB	04.28	04.31	rnsr
Balagopala-Bhairavi-MD-HB	04.28	04.30	rns
Balagopala-Bhairavi-MD-HB	04.30	04.32	ggr
Balagopala-Bhairavi-MD-HB	04.30	04.32	rgr
Balagopala-Bhairavi-MD-HB	04.34	04.35	sgrnd'
Balagopala-Bhairavi-MD-HB	04.34	04.35	grsnd'
Balagopala-Bhairavi-MD-HB	04.35	04.38	ngr
Balagopala-Bhairavi-MD-HB	04.35	04.38	gr
Balagopala-Bhairavi-MD-HB	04.38	04.39	grrsr
Balagopala-Bhairavi-MD-HB	04.50	04.52	sgrgr
Balagopala-Bhairavi-MD-HB	04.50	04.52	sgr
Balagopala-Bhairavi-MD-HB	04.53	04.55	gmp
Balagopala-Bhairavi-MD-HB	04.56	04.58	dpdm
Balagopala-Bhairavi-MD-HB	04.56	04.58	dm
Balagopala-Bhairavi-MD-HB	04.58	04.59	mn
Balagopala-Bhairavi-MD-HB	05.01	05.02	nddp
Balagopala-Bhairavi-MD-HB	05.14	05.18	mpd
Balagopala-Bhairavi-MD-HB	05.14	05.15	m
Balagopala-Bhairavi-MD-HB	05.20	05.22	n
Balagopala-Bhairavi-MD-HB	05.19	05.21	mn
Balagopala-Bhairavi-MD-HB	05.24	05.25	nddp
Balagopala-Bhairavi-MD-HB	05.37	05.40	pd'ns
Balagopala-Bhairavi-MD-HB	05.38	05.40	d'ns
Balagopala-Bhairavi-MD-HB	05.40	05.42	nsr
Balagopala-Bhairavi-MD-HB	05.40	05.43	nddp
Balagopala-Bhairavi-MD-HB	05.43	05.44	ps
Balagopala-Bhairavi-MD-HB	05.44	05.45	snnd
Balagopala-Bhairavi-MD-HB	05.45	05.46	pndpdm
Balagopala-Bhairavi-MD-HB	05.46	05.48	pd'ns
Balagopala-Bhairavi-MD-HB	05.46	05.48	ns
Balagopala-Bhairavi-MD-HB	06.00	06.01	n
Balagopala-Bhairavi-MD-HB	06.00	06.01	pd'
Balagopala-Bhairavi-MD-HB	06.02	06.04	d'ns
Balagopala-Bhairavi-MD-HB	06.04	06.06	rgs
Balagopala-Bhairavi-MD-HB	06.06	06.08	mrg
Balagopala-Bhairavi-MD-HB	06.06	06.08	m
Balagopala-Bhairavi-MD-HB	06.08	06.11	sgr
Balagopala-Bhairavi-MD-HB	06.18	06.21	mrgs
Balagopala-Bhairavi-MD-HB	06.23	06.25	nsr
Balagopala-Bhairavi-MD-HB	06.25	06.28	rns
Balagopala-Bhairavi-MD-HB	06.30	06.31	nddp
Balagopala-Bhairavi-MD-HB	06.33	06.34	grs
Balagopala-Bhairavi-MD-HB	06.46	06.48	sgrg
Balagopala-Bhairavi-MD-HB	06.46	06.47	sgr
Balagopala-Bhairavi-MD-HB	06.48	06.50	ndp
Balagopala-Bhairavi-MD-HB	06.50	06.51	dmp
Balagopala-Bhairavi-MD-HB	06.51	06.53	ndpmgr
Balagopala-Bhairavi-MD-HB	06.52	06.54	mgrgm
Balagopala-Bhairavi-MD-HB	06.52	06.54	rgmm
Balagopala-Bhairavi-MD-HB	06.54	06.57	sgrgmp
Balagopala-Bhairavi-MD-HB	06.54	06.56	sgr
Balagopala-Bhairavi-MD-HB	07.08	07.10	nsr
Balagopala-Bhairavi-MD-HB	07.08	07.10	d'nsr
Balagopala-Bhairavi-MD-HB	07.11	07.13	ngrs
Balagopala-Bhairavi-MD-HB	07.11	07.13	grs
Balagopala-Bhairavi-MD-HB	07.13	07.14	nd'ns
Balagopala-Bhairavi-MD-HB	07.15	07.17	ndp
Balagopala-Bhairavi-MD-HB	07.14	07.16	pr
Balagopala-Bhairavi-MD-HB	07.18	07.20	pmgrs

Velavare-Bhairavi-GKI-SS	00.03	00.05	sgrs
Velavare-Bhairavi-GKI-SS	00.05	00.07	nn
Velavare-Bhairavi-GKI-SS	00.05	00.07	rsndp
Velavare-Bhairavi-GKI-SS	00.07	00.09	ndmdp
Velavare-Bhairavi-GKI-SS	00.07	00.09	dp
Velavare-Bhairavi-GKI-SS	00.09	00.11	d'nd'
Velavare-Bhairavi-GKI-SS	00.09	00.11	n
Velavare-Bhairavi-GKI-SS	00.11	00.12	nsd'
Velavare-Bhairavi-GKI-SS	00.13	00.15	nrs
Velavare-Bhairavi-GKI-SS	00.13	00.15	sns
Velavare-Bhairavi-GKI-SS	00.16	00.17	d'ns
Velavare-Bhairavi-GKI-SS	00.43	00.45	dpd'
Velavare-Bhairavi-GKI-SS	00.44	00.46	d'nsrg
Velavare-Bhairavi-GKI-SS	00.46	00.48	nsr
Velavare-Bhairavi-GKI-SS	00.48	00.51	grnd'
Velavare-Bhairavi-GKI-SS	00.48	00.51	d'ns
Velavare-Bhairavi-GKI-SS	00.51	00.54	pgr
Velavare-Bhairavi-GKI-SS	00.51	00.54	rnn
Velavare-Bhairavi-GKI-SS	00.54	00.57	rndp
Velavare-Bhairavi-GKI-SS	00.54	00.57	ndp
Velavare-Bhairavi-GKI-SS	01.12	01.13	d'nn
Velavare-Bhairavi-GKI-SS	01.13	01.15	nsd'
Velavare-Bhairavi-GKI-SS	01.15	01.17	d'n
Velavare-Bhairavi-GKI-SS	01.15	01.17	dnrs
Velavare-Bhairavi-GKI-SS	01.18	01.20	pd'n
Velavare-Bhairavi-GKI-SS	01.29	01.31	d'nsrs
Velavare-Bhairavi-GKI-SS	01.29	01.30	d'n
Velavare-Bhairavi-GKI-SS	01.38	01.39	ndp
Velavare-Bhairavi-GKI-SS	02.15	02.16	pdp
Velavare-Bhairavi-GKI-SS	02.15	02.17	pmg
Velavare-Bhairavi-GKI-SS	02.17	02.19	gr
Velavare-Bhairavi-GKI-SS	02.19	02.22	pmgrs
Velavare-Bhairavi-GKI-SS	02.22	02.23	rgm
Velavare-Bhairavi-GKI-SS	02.23	02.25	pgm
Velavare-Bhairavi-GKI-SS	02.25	02.26	mpdp
Velavare-Bhairavi-GKI-SS	02.27	02.28	d'nd'n
Velavare-Bhairavi-GKI-SS	02.27	02.28	d'n
Velavare-Bhairavi-GKI-SS	02.56	02.57	d'ns
Velavare-Bhairavi-GKI-SS	02.58	03.00	ngrs
Velavare-Bhairavi-GKI-SS	03.00	03.03	rgsrns
Velavare-Bhairavi-GKI-SS	03.03	03.05	pgr
Velavare-Bhairavi-GKI-SS	03.04	03.05	rs
Velavare-Bhairavi-GKI-SS	03.05	03.07	ndp
Velavare-Bhairavi-GKI-SS	03.05	03.07	n
Velavare-Bhairavi-GKI-SS	03.07	03.09	rgmp
Velavare-Bhairavi-GKI-SS	03.07	03.09	pgrgmp
Velavare-Bhairavi-GKI-SS	03.51	03.53	gross
Velavare-Bhairavi-GKI-SS	03.51	03.53	rggrrs
Velavare-Bhairavi-GKI-SS	03.53	03.54	sgr
Velavare-Bhairavi-GKI-SS	03.55	03.57	rns
Velavare-Bhairavi-GKI-SS	04.04	04.05	gr
Velavare-Bhairavi-GKI-SS	04.06	04.07	rns
Velavare-Bhairavi-GKI-SS	04.07	04.09	mpdp
Velavare-Bhairavi-GKI-SS	04.09	04.11	d'nd'n
Velavare-Bhairavi-GKI-SS	04.09	04.11	n
Velavare-Bhairavi-GKI-SS	04.24	04.26	d'ns
Velavare-Bhairavi-GKI-SS	04.26	04.27	pdp
Velavare-Bhairavi-GKI-SS	04.27	04.29	mpd
Velavare-Bhairavi-GKI-SS	04.27	04.29	pd'
Velavare-Bhairavi-GKI-SS	04.29	04.30	d'nd'
Velavare-Bhairavi-GKI-SS	04.30	04.33	nrs
Velavare-Bhairavi-GKI-SS	04.32	04.34	sns
Velavare-Bhairavi-GKI-SS	04.38	04.39	d'ns
Velavare-Bhairavi-GKI-SS	04.45	04.47	pgr
Velavare-Bhairavi-GKI-SS	04.45	04.47	rs
Velavare-Bhairavi-GKI-SS	04.47	04.48	sndp
Velavare-Bhairavi-GKI-SS	04.49	04.51	pgrgmp
Velavare-Bhairavi-GKI-SS	04.49	04.51	grgmp

AnjelEnru-Bhairavi-AK-MSS	00.13	00.15	rs
AnjelEnru-Bhairavi-AK-MSS	00.15	00.17	n
AnjelEnru-Bhairavi-AK-MSS	00.15	00.17	rsn
AnjelEnru-Bhairavi-AK-MSS	00.16	00.18	nddp
AnjelEnru-Bhairavi-AK-MSS	00.19	00.20	mndp
AnjelEnru-Bhairavi-AK-MSS	00.19	00.21	ndp
AnjelEnru-Bhairavi-AK-MSS	00.21	00.23	pd'n
AnjelEnru-Bhairavi-AK-MSS	01.16	01.18	sndp
AnjelEnru-Bhairavi-AK-MSS	01.16	01.18	ndp
AnjelEnru-Bhairavi-AK-MSS	01.19	01.21	grrs
AnjelEnru-Bhairavi-AK-MSS	01.19	01.21	gr
AnjelEnru-Bhairavi-AK-MSS	01.21	01.22	gr
AnjelEnru-Bhairavi-AK-MSS	01.21	01.23	grgmpd
AnjelEnru-Bhairavi-AK-MSS	01.23	01.24	pdm
AnjelEnru-Bhairavi-AK-MSS	01.25	01.26	d'n
AnjelEnru-Bhairavi-AK-MSS	01.25	01.26	d'nsrs
AnjelEnru-Bhairavi-AK-MSS	02.18	02.19	dp
AnjelEnru-Bhairavi-AK-MSS	02.20	02.23	pd'ns
AnjelEnru-Bhairavi-AK-MSS	02.20	02.22	pd'n
AnjelEnru-Bhairavi-AK-MSS	02.24	02.25	d'ns
AnjelEnru-Bhairavi-AK-MSS	02.26	02.28	nddp
AnjelEnru-Bhairavi-AK-MSS	02.36	02.38	rsnnddp
AnjelEnru-Bhairavi-AK-MSS	03.00	03.01	ngrs
AnjelEnru-Bhairavi-AK-MSS	03.01	03.04	rsnnddp
AnjelEnru-Bhairavi-AK-MSS	03.01	03.04	nrsn
AnjelEnru-Bhairavi-AK-MSS	03.04	03.05	d'ns
AnjelEnru-Bhairavi-AK-MSS	03.05	03.06	ndp
AnjelEnru-Bhairavi-AK-MSS	03.07	03.08	gr
AnjelEnru-Bhairavi-AK-MSS	03.08	03.10	gmpd
AnjelEnru-Bhairavi-AK-MSS	03.09	03.10	d'n
AnjelEnru-Bhairavi-AK-MSS	04.23	04.24	nddp
AnjelEnru-Bhairavi-AK-MSS	04.25	04.26	dp
AnjelEnru-Bhairavi-AK-MSS	04.27	04.28	dpm
AnjelEnru-Bhairavi-AK-MSS	04.26	04.28	pdn
AnjelEnru-Bhairavi-AK-MSS	04.29	04.30	n
AnjelEnru-Bhairavi-AK-MSS	04.29	04.30	nnd
AnjelEnru-Bhairavi-AK-MSS	04.31	04.34	d'ns
AnjelEnru-Bhairavi-AK-MSS	04.31	04.34	nddp
AnjelEnru-Bhairavi-AK-MSS	04.34	04.36	mm
AnjelEnru-Bhairavi-AK-MSS	04.34	04.36	pdp
AnjelEnru-Bhairavi-AK-MSS	04.36	04.38	gg
AnjelEnru-Bhairavi-AK-MSS	04.36	04.38	pmgr
AnjelEnru-Bhairavi-AK-MSS	04.39	04.40	rgmm
AnjelEnru-Bhairavi-AK-MSS	04.40	04.41	pdn
AnjelEnru-Bhairavi-AK-MSS	05.35	05.37	mpd'n
AnjelEnru-Bhairavi-AK-MSS	05.35	05.37	pd'n
AnjelEnru-Bhairavi-AK-MSS	05.35	05.39	pd'ns
AnjelEnru-Bhairavi-AK-MSS	05.40	05.41	d'ns
AnjelEnru-Bhairavi-AK-MSS	05.41	05.44	nrsnnddp
AnjelEnru-Bhairavi-AK-MSS	05.41	05.44	rsnnddp
AnjelEnru-Bhairavi-AK-MSS	05.41	05.44	nddp
AnjelEnru-Bhairavi-AK-MSS	05.55	05.57	pgr
AnjelEnru-Bhairavi-AK-MSS	05.55	05.57	pgrs
AnjelEnru-Bhairavi-AK-MSS	05.57	05.59	nrsnnddp
AnjelEnru-Bhairavi-AK-MSS	05.57	05.59	nddp
AnjelEnru-Bhairavi-AK-MSS	06.00	06.02	ndp
AnjelEnru-Bhairavi-AK-MSS	06.00	06.02	d'n
AnjelEnru-Bhairavi-AK-MSS	06.03	06.05	pd'n

Intaparaku-Bhiaravi-GNB-CR	00.00	00.01	rs
Intaparaku-Bhiaravi-GNB-CR	00.01	00.04	nrsn
Intaparaku-Bhiaravi-GNB-CR	00.07	00.09	d'ns
Intaparaku-Bhiaravi-GNB-CR	00.09	00.12	grsndp
Intaparaku-Bhiaravi-GNB-CR	00.09	00.12	mpd'nd'
Intaparaku-Bhiaravi-GNB-CR	00.17	00.18	pd'nd'
Intaparaku-Bhiaravi-GNB-CR	00.55	00.57	rg
Intaparaku-Bhiaravi-GNB-CR	00.55	00.57	rsns
Intaparaku-Bhiaravi-GNB-CR	01.03	01.04	rs
Intaparaku-Bhiaravi-GNB-CR	01.05	01.08	grndn
Intaparaku-Bhiaravi-GNB-CR	01.08	01.10	rsndp
Intaparaku-Bhiaravi-GNB-CR	01.32	01.34	nd'n
Intaparaku-Bhiaravi-GNB-CR	01.33	01.35	nm
Intaparaku-Bhiaravi-GNB-CR	01.33	01.35	m
Intaparaku-Bhiaravi-GNB-CR	01.35	01.38	pdp
Intaparaku-Bhiaravi-GNB-CR	01.36	01.38	rsndp
Intaparaku-Bhiaravi-GNB-CR	01.44	01.46	pdnd
Intaparaku-Bhiaravi-GNB-CR	01.46	01.48	pndpm
Intaparaku-Bhiaravi-GNB-CR	01.46	01.48	dpm
Intaparaku-Bhiaravi-GNB-CR	02.00	02.03	pdndp
Intaparaku-Bhiaravi-GNB-CR	02.01	02.03	dn
Intaparaku-Bhiaravi-GNB-CR	02.01	02.03	n

BhairaviParameswari-Bhairavi-HMB-RH	00.00	00.02	pdndpm
BhairaviParameswari-Bhairavi-HMB-RH	00.02	00.03	pd'n
BhairaviParameswari-Bhairavi-HMB-RH	00.03	00.06	nrsndp
BhairaviParameswari-Bhairavi-HMB-RH	00.03	00.006	sndp
BhairaviParameswari-Bhairavi-HMB-RH	00.12	00.14	pdmp
BhairaviParameswari-Bhairavi-HMB-RH	00.12	00.14	mgr
BhairaviParameswari-Bhairavi-HMB-RH	00.12	00.14	mgrg
BhairaviParameswari-Bhairavi-HMB-RH	00.14	00.15	mpdp
BhairaviParameswari-Bhairavi-HMB-RH	00.15	00.16	d'ns
BhairaviParameswari-Bhairavi-HMB-RH	00.15	00.16	sndpm
BhairaviParameswari-Bhairavi-HMB-RH	01.22	01.23	grs
BhairaviParameswari-Bhairavi-HMB-RH	01.23	01.24	grsndp
BhairaviParameswari-Bhairavi-HMB-RH	01.24	01.26	pd'pd'
BhairaviParameswari-Bhairavi-HMB-RH	01.26	01.28	ns
BhairaviParameswari-Bhairavi-HMB-RH	02.00	02.02	gmgr
BhairaviParameswari-Bhairavi-HMB-RH	02.00	02.03	snsr
BhairaviParameswari-Bhairavi-HMB-RH	02.13	02.14	grsndp
BhairaviParameswari-Bhairavi-HMB-RH	02.14	02.15	mgrgm
BhairaviParameswari-Bhairavi-HMB-RH	02.46	02.47	pdnd
BhairaviParameswari-Bhairavi-HMB-RH	02.47	02.49	dmp
BhairaviParameswari-Bhairavi-HMB-RH	02.49	02.50	pd'p
BhairaviParameswari-Bhairavi-HMB-RH	02.49	02.51	d'nsrsndp
BhairaviParameswari-Bhairavi-HMB-RH	02.50	02.51	dp
BhairaviParameswari-Bhairavi-HMB-RH	02.52	02.54	pdpm
BhairaviParameswari-Bhairavi-HMB-RH	02.52	02.54	dpmgrs
BhairaviParameswari-Bhairavi-HMB-RH	02.54	02.57	rgmpd
BhairaviParameswari-Bhairavi-HMB-RH	02.54	02.57	mpdp

Viribhoni-Bhairavi-PA-MSS	00.09	00.12	snnd'
Viribhoni-Bhairavi-PA-MSS	00.12	00.13	d'ns
Viribhoni-Bhairavi-PA-MSS	00.15	00.17	grgr
Viribhoni-Bhairavi-PA-MSS	00.15	00.17	grg
Viribhoni-Bhairavi-PA-MSS	00.19	00.21	mpdp
Viribhoni-Bhairavi-PA-MSS	00.19	00.21	pmgrs
Viribhoni-Bhairavi-PA-MSS	00.21	00.23	nnsgrs
Viribhoni-Bhairavi-PA-MSS	00.21	00.23	sgrs
Viribhoni-Bhairavi-PA-MSS	00.23	00.25	nsr
Viribhoni-Bhairavi-PA-MSS	00.23	00.25	rsnd'n
Viribhoni-Bhairavi-PA-MSS	00.26	00.27	sgrn
Viribhoni-Bhairavi-PA-MSS	00.26	00.27	sgrn
Viribhoni-Bhairavi-PA-MSS	00.28	00.29	pdpd'
Viribhoni-Bhairavi-PA-MSS	00.28	00.30	d'ndp
Viribhoni-Bhairavi-PA-MSS	00.30	00.31	d'nsr
Viribhoni-Bhairavi-PA-MSS	00.31	00.34	pd'nsrgmp
Viribhoni-Bhairavi-PA-MSS	00.34	00.35	pmgrg
Viribhoni-Bhairavi-PA-MSS	00.31	00.34	pd'ns
Viribhoni-Bhairavi-PA-MSS	00.31	00.34	rgmp
Viribhoni-Bhairavi-PA-MSS	00.35	00.37	mndp
Viribhoni-Bhairavi-PA-MSS	00.36	00.38	pmgr
Viribhoni-Bhairavi-PA-MSS	00.38	00.40	nsr
Viribhoni-Bhairavi-PA-MSS	00.40	00.42	rndp
Viribhoni-Bhairavi-PA-MSS	00.45	00.47	sndp
Viribhoni-Bhairavi-PA-MSS	00.45	00.47	mgrg
Viribhoni-Bhairavi-PA-MSS	00.47	00.48	mndp
Viribhoni-Bhairavi-PA-MSS	00.47	00.49	mgr
Viribhoni-Bhairavi-PA-MSS	00.49	00.51	pmgrs
Viribhoni-Bhairavi-PA-MSS	00.51	00.52	pd'nsrg
Viribhoni-Bhairavi-PA-MSS	00.52	00.54	nsrgmp
Viribhoni-Bhairavi-PA-MSS	00.54	00.56	pdmp
Viribhoni-Bhairavi-PA-MSS	00.54	00.56	nnd
Viribhoni-Bhairavi-PA-MSS	00.56	00.59	grgmpd'ns
Viribhoni-Bhairavi-PA-MSS	00.56	00.59	grgm
Viribhoni-Bhairavi-PA-MSS	00.56	00.59	pd'ns
Viribhoni-Bhairavi-PA-MSS	01.015	01.16	pd'nsrg
Viribhoni-Bhairavi-PA-MSS	01.16	01.18	mgrgsr
Viribhoni-Bhairavi-PA-MSS	01.16	01.18	mgrg
Viribhoni-Bhairavi-PA-MSS	01.18	01.20	ngrs
Viribhoni-Bhairavi-PA-MSS	01.18	01.21	nd'ns
Viribhoni-Bhairavi-PA-MSS	01.21	01.23	snnd
Viribhoni-Bhairavi-PA-MSS	01.23	01.25	mndp
Viribhoni-Bhairavi-PA-MSS	01.25	01.26	grs
Viribhoni-Bhairavi-PA-MSS	01.26	01.28	nsrgmpd'n
Viribhoni-Bhairavi-PA-MSS	01.26	01.27	nsrg
Viribhoni-Bhairavi-PA-MSS	01.27	01.28	mpd'n
Viribhoni-Bhairavi-PA-MSS	01.29	01.30	sndd
Viribhoni-Bhairavi-PA-MSS	01.29	01.31	dmp
Viribhoni-Bhairavi-PA-MSS	01.31	01.33	mgrsnd'
Viribhoni-Bhairavi-PA-MSS	01.33	01.34	ggrs
Viribhoni-Bhairavi-PA-MSS	01.35	01.37	nn
Viribhoni-Bhairavi-PA-MSS	01.35	01.37	d'nsr
Viribhoni-Bhairavi-PA-MSS	01.37	01.39	mmppddnn
Viribhoni-Bhairavi-PA-MSS	01.40	01.42	pppd'd'd'nnnssr
Viribhoni-Bhairavi-PA-MSS	01.42	01.44	pd'nsrg
Viribhoni-Bhairavi-PA-MSS	01.44	01.46	mpdp
Viribhoni-Bhairavi-PA-MSS	01.44	01.46	mdp
Viribhoni-Bhairavi-PA-MSS	01.44	01.46	mpdpm
Viribhoni-Bhairavi-PA-MSS	01.44	01.46	dp
Viribhoni-Bhairavi-PA-MSS	01.46	01.47	nnnd
Viribhoni-Bhairavi-PA-MSS	01.46	01.47	nd
Viribhoni-Bhairavi-PA-MSS	01.47	01.49	dppm
Viribhoni-Bhairavi-PA-MSS	01.49	01.50	ndn
Viribhoni-Bhairavi-PA-MSS	01.49	01.50	pdn
Viribhoni-Bhairavi-PA-MSS	01.50	01.51	mpd'n
Viribhoni-Bhairavi-PA-MSS	01.51	01.52	srnd'
Viribhoni-Bhairavi-PA-MSS	01.53	01.54	mgrsr
Viribhoni-Bhairavi-PA-MSS	01.53	01.54	mgr
Viribhoni-Bhairavi-PA-MSS	01.54	01.56	rgmpd
Viribhoni-Bhairavi-PA-MSS	01.56	01.58	mpd'ns
Viribhoni-Bhairavi-PA-MSS	01.58	02.00	nrsnd'
Viribhoni-Bhairavi-PA-MSS	01.58	02.00	snd
Viribhoni-Bhairavi-PA-MSS	02.00	02.02	sndp
Viribhoni-Bhairavi-PA-MSS	02.02	02.04	pmgr
Viribhoni-Bhairavi-PA-MSS	02.00	02.02	ndp
Viribhoni-Bhairavi-PA-MSS	02.02	02.04	mgr
Viribhoni-Bhairavi-PA-MSS	02.04	02.05	rnd'
Viribhoni-Bhairavi-PA-MSS	02.04	02.05	srnd'
Viribhoni-Bhairavi-PA-MSS	03.08	03.09	mm
Viribhoni-Bhairavi-PA-MSS	03.09	03.10	dpdm
Viribhoni-Bhairavi-PA-MSS	03.10	03.12	pgmp
Viribhoni-Bhairavi-PA-MSS	03.13	03.15	ndp
Viribhoni-Bhairavi-PA-MSS	03.13	03.15	mpndpmg
Viribhoni-Bhairavi-PA-MSS	03.16	03.17	pmgrg
Viribhoni-Bhairavi-PA-MSS	03.15	03.16	mndp
Viribhoni-Bhairavi-PA-MSS	03.17	03.18	mpd
Viribhoni-Bhairavi-PA-MSS	03.18	03.20	mpmdp
Viribhoni-Bhairavi-PA-MSS	03.34	03.36	mpgrs
Viribhoni-Bhairavi-PA-MSS	03.34	03.36	pmgrs
Viribhoni-Bhairavi-PA-MSS	03.36	03.39	ndpm
Viribhoni-Bhairavi-PA-MSS	03.39	03.41	pd'ns
Viribhoni-Bhairavi-PA-MSS	03.39	03.41	nr
Viribhoni-Bhairavi-PA-MSS	03.41	03.43	nsrg
Viribhoni-Bhairavi-PA-MSS	03.41	03.43	mgm
Viribhoni-Bhairavi-PA-MSS	03.43	03.45	nndd
Viribhoni-Bhairavi-PA-MSS	03.45	03.47	mgrg
Viribhoni-Bhairavi-PA-MSS	03.47	03.49	nnddmm
Viribhoni-Bhairavi-PA-MSS	03.47	03.49	ndm
Viribhoni-Bhairavi-PA-MSS	03.49	03.51	grsn
Viribhoni-Bhairavi-PA-MSS	03.49	03.52	srg
Viribhoni-Bhairavi-PA-MSS	04.19	04.21	dnnddn
Viribhoni-Bhairavi-PA-MSS	04.19	04.20	dn
Viribhoni-Bhairavi-PA-MSS	04.20	04.21	dn
Viribhoni-Bhairavi-PA-MSS	04.21	04.23	dm
Viribhoni-Bhairavi-PA-MSS	04.23	04.24	ndpm
Viribhoni-Bhairavi-PA-MSS	04.24	04.25	dpmgr
Viribhoni-Bhairavi-PA-MSS	04.26	04.27	gmpd
Viribhoni-Bhairavi-PA-MSS	04.27	04.28	mpd
Viribhoni-Bhairavi-PA-MSS	04.28	04.29	pd'nd'
Viribhoni-Bhairavi-PA-MSS	04.29	04.31	nsrs
Viribhoni-Bhairavi-PA-MSS	04.31	04.32	ngr
Viribhoni-Bhairavi-PA-MSS	04.31	04.33	ndpd
Viribhoni-Bhairavi-PA-MSS	04.33	04.34	mpmgr
Viribhoni-Bhairavi-PA-MSS	04.33	04.34	mgr
Viribhoni-Bhairavi-PA-MSS	04.34	04.35	srnd'
Viribhoni-Bhairavi-PA-MSS	04.35	04.37	nsgrg
Viribhoni-Bhairavi-PA-MSS	05.05	05.06	srg
Viribhoni-Bhairavi-PA-MSS	05.06	05.08	srgr
Viribhoni-Bhairavi-PA-MSS	05.08	05.09	nsr
Viribhoni-Bhairavi-PA-MSS	05.09	05.11	nsrs
Viribhoni-Bhairavi-PA-MSS	05.11	05.12	rnd'
Viribhoni-Bhairavi-PA-MSS	05.11	05.12	nnd'
Viribhoni-Bhairavi-PA-MSS	05.12	05.14	d'grs
Viribhoni-Bhairavi-PA-MSS	05.12	05.14	grs
Viribhoni-Bhairavi-PA-MSS	05.14	05.16	ndnp
Viribhoni-Bhairavi-PA-MSS	05.16	05.18	d'nsr
Viribhoni-Bhairavi-PA-MSS	05.18	05.20	pd'nsr
Viribhoni-Bhairavi-PA-MSS	05.35	05.36	dpgr
Viribhoni-Bhairavi-PA-MSS	05.36	05.38	nd'rs
Viribhoni-Bhairavi-PA-MSS	05.38	05.39	mgr
Viribhoni-Bhairavi-PA-MSS	05.39	05.41	pmgrg
Viribhoni-Bhairavi-PA-MSS	05.41	05.43	mpdpm
Viribhoni-Bhairavi-PA-MSS	05.43	05.44	nndd
Viribhoni-Bhairavi-PA-MSS	05.43	05.44	nd
Viribhoni-Bhairavi-PA-MSS	05.44	05.45	nddp
Viribhoni-Bhairavi-PA-MSS	05.45	05.47	pmgr
Viribhoni-Bhairavi-PA-MSS	05.47	05.48	gmpd
Viribhoni-Bhairavi-PA-MSS	05.48	05.50	gmp
Viribhoni-Bhairavi-PA-MSS	05.48	05.50	mpgmp
Viribhoni-Bhairavi-PA-MSS	05.50	05.52	nsngr
Viribhoni-Bhairavi-PA-MSS	05.50	05.52	ngr
Viribhoni-Bhairavi-PA-MSS	05.52	05.54	mgpmdp
Viribhoni-Bhairavi-PA-MSS	05.53	05.55	ndn
Viribhoni-Bhairavi-PA-MSS	05.54	05.56	pdmpgr
Viribhoni-Bhairavi-PA-MSS	05.56	05.57	gmpm
Viribhoni-Bhairavi-PA-MSS	05.57	05.58	pd'ns
Viribhoni-Bhairavi-PA-MSS	05.58	05.59	nsn
Viribhoni-Bhairavi-PA-MSS	05.58	06.00	grg
Viribhoni-Bhairavi-PA-MSS	06.00	06.01	nsnrsr
Viribhoni-Bhairavi-PA-MSS	06.01	06.03	sndp
Viribhoni-Bhairavi-PA-MSS	06.01	06.03	sndpd
Viribhoni-Bhairavi-PA-MSS	06.03	06.05	mpd'
Viribhoni-Bhairavi-PA-MSS	06.03	06.05	mpd'nns
Viribhoni-Bhairavi-PA-MSS	06.05	06.07	nnssrrgg
Viribhoni-Bhairavi-PA-MSS	06.07	06.08	mggr
Viribhoni-Bhairavi-PA-MSS	06.08	06.09	mgrs
Viribhoni-Bhairavi-PA-MSS	06.09	06.10	ngrs
Viribhoni-Bhairavi-PA-MSS	06.10	06.12	nrsndp
Viribhoni-Bhairavi-PA-MSS	06.12	06.13	d'nsr
Viribhoni-Bhairavi-PA-MSS	06.13	06.15	mmppd'd'nn
Viribhoni-Bhairavi-PA-MSS	06.15	06.16	sgr
Viribhoni-Bhairavi-PA-MSS	06.15	06.17	sgrnnd'
Viribhoni-Bhairavi-PA-MSS	06.15	06.17	nnd'
Viribhoni-Bhairavi-PA-MSS	06.17	06.18	rsnnd
Viribhoni-Bhairavi-PA-MSS	06.17	06.18	nnd
Viribhoni-Bhairavi-PA-MSS	06.18	06.20	ndd
Viribhoni-Bhairavi-PA-MSS	06.20	06.21	mm
Viribhoni-Bhairavi-PA-MSS	06.21	06.23	grsn
Viribhoni-Bhairavi-PA-MSS	06.21	06.23	srg



Lalithe-Bhairavi-Tyagaraja-LGJ	0.01	0.003	grg
Lalithe-Bhairavi-Tyagaraja-LGJ	0.03	0.04	mpdp
Lalithe-Bhairavi-Tyagaraja-LGJ	0.04	0.06	pmgrs
Lalithe-Bhairavi-Tyagaraja-LGJ	0.06	0.08	rns
Lalithe-Bhairavi-Tyagaraja-LGJ	01.13	01.14	rns
Lalithe-Bhairavi-Tyagaraja-LGJ	01.14	01.16	rg
Lalithe-Bhairavi-Tyagaraja-LGJ	01.14	01.17	rgpgr
Lalithe-Bhairavi-Tyagaraja-LGJ	01.15	01.17	gr
Lalithe-Bhairavi-Tyagaraja-LGJ	01.17	01.19	gmr
Lalithe-Bhairavi-Tyagaraja-LGJ	01.17	01.19	rgs
Lalithe-Bhairavi-Tyagaraja-LGJ	02.04	02.05	ndp
Lalithe-Bhairavi-Tyagaraja-LGJ	02.05	02.07	dpm
Lalithe-Bhairavi-Tyagaraja-LGJ	02.07	02.08	pd'nd'
Lalithe-Bhairavi-Tyagaraja-LGJ	02.08	02.10	nns
Lalithe-Bhairavi-Tyagaraja-LGJ	02.21	02.22	sndp
Lalithe-Bhairavi-Tyagaraja-LGJ	03.07	03.08	rs
Lalithe-Bhairavi-Tyagaraja-LGJ	03.09	03.11	mpd'ns
Lalithe-Bhairavi-Tyagaraja-LGJ	03.14	03.16	rsn
Lalithe-Bhairavi-Tyagaraja-LGJ	03.14	03.16	nrsn
Lalithe-Bhairavi-Tyagaraja-LGJ	03.14	03.16	ndp
Lalithe-Bhairavi-Tyagaraja-LGJ	03.11	03.12	dpmgrs
Lalithe-Bhairavi-Tyagaraja-LGJ	03.11	03.12	mgdpmgrs
Lalithe-Bhairavi-Tyagaraja-LGJ	03.52	03.53	mm
Lalithe-Bhairavi-Tyagaraja-LGJ	03.53	03.55	pmgrs
Lalithe-Bhairavi-Tyagaraja-LGJ	03.55	03.57	rgmpd
Lalithe-Bhairavi-Tyagaraja-LGJ	03.55	03.57	rgmpdp
Lalithe-Bhairavi-Tyagaraja-LGJ	03.55	03.57	mpdp
Lalithe-Bhairavi-Tyagaraja-LGJ	04.06	04.07	grg
Lalithe-Bhairavi-Tyagaraja-LGJ	04.20	04.22	rgm
Lalithe-Bhairavi-Tyagaraja-LGJ	04.29	04.31	mpm
Lalithe-Bhairavi-Tyagaraja-LGJ	04.29	04.31	ndp
Lalithe-Bhairavi-Tyagaraja-LGJ	04.44	04.45	mm
Lalithe-Bhairavi-Tyagaraja-LGJ	04.45	04.46	pmdp
Lalithe-Bhairavi-Tyagaraja-LGJ	04.45	04.46	grg
Lalithe-Bhairavi-Tyagaraja-LGJ	04.54	04.55	d'ns
Lalithe-Bhairavi-Tyagaraja-LGJ	04.55	04.57	mpndp




EnatiNomuPhalamo- Bhairavi-Tyagaraja-MSS	00.01	00.02	mpm
EnatiNomuPhalamo- Bhairavi-Tyagaraja-MSS	00.05	00.07	grg
EnatiNomuPhalamo- Bhairavi-Tyagaraja-MSS	00.05	00.07	sns
EnatiNomuPhalamo- Bhairavi-Tyagaraja-MSS	00.05	00.07	snsgrg
EnatiNomuPhalamo- Bhairavi-Tyagaraja-MSS	00.08	00.09	dp
EnatiNomuPhalamo- Bhairavi-Tyagaraja-MSS	00.03	00.04	dmp
EnatiNomuPhalamo- Bhairavi-Tyagaraja-MSS	00.29	00.30	nddp
EnatiNomuPhalamo- Bhairavi-Tyagaraja-MSS	00.30	00.31	pndp
EnatiNomuPhalamo- Bhairavi-Tyagaraja-MSS	00.43	00.45	mg
EnatiNomuPhalamo- Bhairavi-Tyagaraja-MSS	00.43	00.45	pmgr
EnatiNomuPhalamo- Bhairavi-Tyagaraja-MSS	00.51	00.52	pdndp
EnatiNomuPhalamo- Bhairavi-Tyagaraja-MSS	01.42	01.44	d'ns
EnatiNomuPhalamo- Bhairavi-Tyagaraja-MSS	01.44	01.46	nrsn
EnatiNomuPhalamo- Bhairavi-Tyagaraja-MSS	01.46	01.48	nddp
EnatiNomuPhalamo- Bhairavi-Tyagaraja-MSS	02.16	02.17	ngr
EnatiNomuPhalamo- Bhairavi-Tyagaraja-MSS	02.17	02.19	sndp
EnatiNomuPhalamo- Bhairavi-Tyagaraja-MSS	02.24	02.26	mnd
EnatiNomuPhalamo- Bhairavi-Tyagaraja-MSS	02.26	02.27	pgrs
EnatiNomuPhalamo- Bhairavi-Tyagaraja-MSS	03.03	03.05	gmpm
EnatiNomuPhalamo- Bhairavi-Tyagaraja-MSS	03.05	03.07	grgm
EnatiNomuPhalamo- Bhairavi-Tyagaraja-MSS	03.07	03.08	sgrs
EnatiNomuPhalamo- Bhairavi-Tyagaraja-MSS	03.07	03.08	grs
EnatiNomuPhalamo- Bhairavi-Tyagaraja-MSS	03.08	03.09	nd'ns
EnatiNomuPhalamo- Bhairavi-Tyagaraja-MSS	03.09	03.11	grg
EnatiNomuPhalamo- Bhairavi-Tyagaraja-MSS	03.11	03.12	mpdp
EnatiNomuPhalamo- Bhairavi-Tyagaraja-MSS	03.12	03.14	nddp
EnatiNomuPhalamo- Bhairavi-Tyagaraja-MSS	03.15	03.16	mm


Mukhattaikattiyedeham-bhairavi-PM-RV	00.00	00.02	d'ns
Mukhattaikattiyedeham-bhairavi-PM-RV	00.11	00.13	nddp
Mukhattaikattiyedeham-bhairavi-PM-RV	00.13	00.15	mn
Mukhattaikattiyedeham-bhairavi-PM-RV	00.13	00.16	nddp
Mukhattaikattiyedeham-bhairavi-PM-RV	00.16	00.17	dpdm
Mukhattaikattiyedeham-bhairavi-PM-RV	00.16	00.17	pndpdm
Mukhattaikattiyedeham-bhairavi-PM-RV	00.18	00.20	pd'n
Mukhattaikattiyedeham-bhairavi-PM-RV	01.21	01.23	gr
Mukhattaikattiyedeham-bhairavi-PM-RV	01.28	01.29	rg
Mukhattaikattiyedeham-bhairavi-PM-RV	01.29	01.31	gr
Mukhattaikattiyedeham-bhairavi-PM-RV	01.51	01.53	nsrgmgrs
Mukhattaikattiyedeham-bhairavi-PM-RV	01.53	01.55	gpgr
Mukhattaikattiyedeham-bhairavi-PM-RV	02.10	02.12	dmp
Mukhattaikattiyedeham-bhairavi-PM-RV	02.12	02.14	pd'n
Mukhattaikattiyedeham-bhairavi-PM-RV	02.15	02.17	ns
Mukhattaikattiyedeham-bhairavi-PM-RV	02.23	02.24	nd'n
Mukhattaikattiyedeham-bhairavi-PM-RV	02.27	02.29	d'ns
Mukhattaikattiyedeham-bhairavi-PM-RV	02.31	02.33	nddp
Mukhattaikattiyedeham-bhairavi-PM-RV	03.12	03.14	d'ns
Mukhattaikattiyedeham-bhairavi-PM-RV	03.16	03.18	nddp
Mukhattaikattiyedeham-bhairavi-PM-RV	03.18	03.20	mn
Mukhattaikattiyedeham-bhairavi-PM-RV	03.18	03.20	nddp
Mukhattaikattiyedeham-bhairavi-PM-RV	03.20	03.22	pndpdm
Mukhattaikattiyedeham-bhairavi-PM-RV	03.20	03.22	dpdm
Mukhattaikattiyedeham-bhairavi-PM-RV	03.22	03.25	pd'n
Mukhattaikattiyedeham-bhairavi-PM-RV	04.32	04.34	dp
Mukhattaikattiyedeham-bhairavi-PM-RV	04.34	04.36	dp
Mukhattaikattiyedeham-bhairavi-PM-RV	04.38	04.39	mm
Mukhattaikattiyedeham-bhairavi-PM-RV	04.47	04.48	dpm
Mukhattaikattiyedeham-bhairavi-PM-RV	04.48	04.51	pd'n
Mukhattaikattiyedeham-bhairavi-PM-RV	04.50	04.52	d'ns
Mukhattaikattiyedeham-bhairavi-PM-RV	05.06	05.08	nddp
Mukhattaikattiyedeham-bhairavi-PM-RV	05.08	05.10	mpdp
Mukhattaikattiyedeham-bhairavi-PM-RV	05.10	05.13	gpgr
Mukhattaikattiyedeham-bhairavi-PM-RV	05.28	05.29	snsgr
Mukhattaikattiyedeham-bhairavi-PM-RV	05.28	05.29	sgr
Mukhattaikattiyedeham-bhairavi-PM-RV	05.28	05.30	sgrg
Mukhattaikattiyedeham-bhairavi-PM-RV	05.31	05.33	mn
Mukhattaikattiyedeham-bhairavi-PM-RV	05.31	05.33	nddp




SarasakuRakuSarasa-Bhairavi-WVB_VK-Unknown	01.48	01.50	d'n
SarasakuRakuSarasa-Bhairavi-WVB_VK-Unknown	01.50	01.53	nddp
SarasakuRakuSarasa-Bhairavi-WVB_VK-Unknown	01.53	01.56	mpd'ndp
SarasakuRakuSarasa-Bhairavi-WVB_VK-Unknown	01.56	01.58	pd'
SarasakuRakuSarasa-Bhairavi-WVB_VK-Unknown	01.58	02.01	ns
SarasakuRakuSarasa-Bhairavi-WVB_VK-Unknown	01.56	02.01	pd'ns
SarasakuRakuSarasa-Bhairavi-WVB_VK-Unknown	02.02	02.04	ndp
SarasakuRakuSarasa-Bhairavi-WVB_VK-Unknown	02.03	02.05	mgmp
SarasakuRakuSarasa-Bhairavi-WVB_VK-Unknown	02.05	02.07	mgr
SarasakuRakuSarasa-Bhairavi-WVB_VK-Unknown	02.07	02.09	ndp
SarasakuRakuSarasa-Bhairavi-WVB_VK-Unknown	02.09	02.11	d'ns
SarasakuRakuSarasa-Bhairavi-WVB_VK-Unknown	02.11	02.12	gm
SarasakuRakuSarasa-Bhairavi-WVB_VK-Unknown	02.13	02.15	gmpd
SarasakuRakuSarasa-Bhairavi-WVB_VK-Unknown	02.15	02.17	nnd
SarasakuRakuSarasa-Bhairavi-WVB_VK-Unknown	02.17	02.19	d'ns
SarasakuRakuSarasa-Bhairavi-WVB_VK-Unknown	02.20	02.21	rs
SarasakuRakuSarasa-Bhairavi-WVB_VK-Unknown	02.21	02.23	nsrg
SarasakuRakuSarasa-Bhairavi-WVB_VK-Unknown	02.23	02.24	gr
SarasakuRakuSarasa-Bhairavi-WVB_VK-Unknown	02.24	02.26	sns
SarasakuRakuSarasa-Bhairavi-WVB_VK-Unknown	02.27	02.30	nnd
SarasakuRakuSarasa-Bhairavi-WVB_VK-Unknown	02.28	02.31	ndp
SarasakuRakuSarasa-Bhairavi-WVB_VK-Unknown	02.31	02.33	dpmgr
SarasakuRakuSarasa-Bhairavi-WVB_VK-Unknown	02.31	02.33	dpmgrs
SarasakuRakuSarasa-Bhairavi-WVB_VK-Unknown	02.33	02.35	rgmp
SarasakuRakuSarasa-Bhairavi-WVB_VK-Unknown	02.35	02.37	pd'nsr
SarasakuRakuSarasa-Bhairavi-WVB_VK-Unknown	02.40	02.42	mgrs
SarasakuRakuSarasa-Bhairavi-WVB_VK-Unknown	02.42	02.45	rgmpd
SarasakuRakuSarasa-Bhairavi-WVB_VK-Unknown	02.45	02.46	ndp
SarasakuRakuSarasa-Bhairavi-WVB_VK-Unknown	02.46	02.47	m
SarasakuRakuSarasa-Bhairavi-WVB_VK-Unknown	02.47	02.48	grs
SarasakuRakuSarasa-Bhairavi-WVB_VK-Unknown	02.48	02.50	snd'ns
SarasakuRakuSarasa-Bhairavi-WVB_VK-Unknown	02.50	02.52	rgmp
SarasakuRakuSarasa-Bhairavi-WVB_VK-Unknown	02.52	02.53	d'nd'
SarasakuRakuSarasa-Bhairavi-WVB_VK-Unknown	02.54	02.55	nsrs
SarasakuRakuSarasa-Bhairavi-WVB_VK-Unknown	02.55	02.57	nd'ns
SarasakuRakuSarasa-Bhairavi-WVB_VK-Unknown	02.57	02.58	rgm
SarasakuRakuSarasa-Bhairavi-WVB_VK-Unknown	02.59	03.01	mggrs
SarasakuRakuSarasa-Bhairavi-WVB_VK-Unknown	02.59	03.01	grs
SarasakuRakuSarasa-Bhairavi-WVB_VK-Unknown	03.01	03.02	nd'ns
SarasakuRakuSarasa-Bhairavi-WVB_VK-Unknown	03.04	03.05	dnd
SarasakuRakuSarasa-Bhairavi-WVB_VK-Unknown	03.05	03.07	pmgr
SarasakuRakuSarasa-Bhairavi-WVB_VK-Unknown	03.07	03.09	snd'
SarasakuRakuSarasa-Bhairavi-WVB_VK-Unknown	03.09	03.11	nsrgm
SarasakuRakuSarasa-Bhairavi-WVB_VK-Unknown	04.51	04.56	mgr
SarasakuRakuSarasa-Bhairavi-WVB_VK-Unknown	04.56	04.58	sr
SarasakuRakuSarasa-Bhairavi-WVB_VK-Unknown	04.58	05.01	rsr
SarasakuRakuSarasa-Bhairavi-WVB_VK-Unknown	05.01	05.04	gm
SarasakuRakuSarasa-Bhairavi-WVB_VK-Unknown	05.19	05.21	grs
SarasakuRakuSarasa-Bhairavi-WVB_VK-Unknown	05.21	05.24	ndp
SarasakuRakuSarasa-Bhairavi-WVB_VK-Unknown	05.24	05.26	d'n
SarasakuRakuSarasa-Bhairavi-WVB_VK-Unknown	05.26	05.28	nddp
SarasakuRakuSarasa-Bhairavi-WVB_VK-Unknown	05.28	05.31	d'ns
SarasakuRakuSarasa-Bhairavi-WVB_VK-Unknown	05.31	05.34	rgm
SarasakuRakuSarasa-Bhairavi-WVB_VK-Unknown	05.47	05.49	grgs
SarasakuRakuSarasa-Bhairavi-WVB_VK-Unknown	05.49	05.50	rns
SarasakuRakuSarasa-Bhairavi-WVB_VK-Unknown	05.50	05.53	nrsndp
SarasakuRakuSarasa-Bhairavi-WVB_VK-Unknown	05.53	05.54	dp
SarasakuRakuSarasa-Bhairavi-WVB_VK-Unknown	05.55	05.56	dn's
SarasakuRakuSarasa-Bhairavi-WVB_VK-Unknown	05.56	05.58	rns
SarasakuRakuSarasa-Bhairavi-WVB_VK-Unknown	05.58	05.59	rs
SarasakuRakuSarasa-Bhairavi-WVB_VK-Unknown	05.59	06.01	grgm
SarasakuRakuSarasa-Bhairavi-WVB_VK-Unknown	06.15	06.16	grs
SarasakuRakuSarasa-Bhairavi-WVB_VK-Unknown	06.16	06.18	nd'ns
SarasakuRakuSarasa-Bhairavi-WVB_VK-Unknown	06.18	06.20	rgmp
SarasakuRakuSarasa-Bhairavi-WVB_VK-Unknown	06.20	06.22	mdp
SarasakuRakuSarasa-Bhairavi-WVB_VK-Unknown	06.22	06.24	nd'ns
SarasakuRakuSarasa-Bhairavi-WVB_VK-Unknown	06.24	06.26	nsrs
SarasakuRakuSarasa-Bhairavi-WVB_VK-Unknown	06.26	06.27	nd'ns
SarasakuRakuSarasa-Bhairavi-WVB_VK-Unknown	06.27	06.29	rggr
SarasakuRakuSarasa-Bhairavi-WVB_VK-Unknown	06.27	06.29	gr
SarasakuRakuSarasa-Bhairavi-WVB_VK-Unknown	06.29	06.31	snd'ns
SarasakuRakuSarasa-Bhairavi-WVB_VK-Unknown	06.31	06.33	rsns
SarasakuRakuSarasa-Bhairavi-WVB_VK-Unknown	06.34	06.36	nd
SarasakuRakuSarasa-Bhairavi-WVB_VK-Unknown	06.34	06.36	ndp
SarasakuRakuSarasa-Bhairavi-WVB_VK-Unknown	06.34	06.36	dmp
SarasakuRakuSarasa-Bhairavi-WVB_VK-Unknown	06.37	06.39	mgrs
SarasakuRakuSarasa-Bhairavi-WVB_VK-Unknown	06.39	06.41	nd'ns
SarasakuRakuSarasa-Bhairavi-WVB_VK-Unknown	06.41	06.43	srgm
SarasakuRakuSarasa-Bhairavi-WVB_VK-Unknown	06.58	07.00	pmgr
SarasakuRakuSarasa-Bhairavi-WVB_VK-Unknown	07.00	07.02	rns
SarasakuRakuSarasa-Bhairavi-WVB_VK-Unknown	07.02	07.03	rgmp
SarasakuRakuSarasa-Bhairavi-WVB_VK-Unknown	07.03	07.05	dpd'
SarasakuRakuSarasa-Bhairavi-WVB_VK-Unknown	07.03	07.05	pd'
SarasakuRakuSarasa-Bhairavi-WVB_VK-Unknown	07.03	07.04	dp
SarasakuRakuSarasa-Bhairavi-WVB_VK-Unknown	07.04	07.06	nsr
SarasakuRakuSarasa-Bhairavi-WVB_VK-Unknown	07.06	07.08	grs
SarasakuRakuSarasa-Bhairavi-WVB_VK-Unknown	07.08	07.09	rsndp
SarasakuRakuSarasa-Bhairavi-WVB_VK-Unknown	07.09	07.11	pd'ns
SarasakuRakuSarasa-Bhairavi-WVB_VK-Unknown	07.12	07.15	grsndp
SarasakuRakuSarasa-Bhairavi-WVB_VK-Unknown	07.15	07.18	dpmgrs
SarasakuRakuSarasa-Bhairavi-WVB_VK-Unknown	07.18	07.19	nrs
SarasakuRakuSarasa-Bhairavi-WVB_VK-Unknown	07.19	07.21	grgmp
SarasakuRakuSarasa-Bhairavi-WVB_VK-Unknown	07.21	07.22	rgm
SarasakuRakuSarasa-Bhairavi-WVB_VK-Unknown	07.22	07.24	rgm
SarasakuRakuSarasa-Bhairavi-WVB_VK-Unknown	07.37	07.39	pd'nsr
SarasakuRakuSarasa-Bhairavi-WVB_VK-Unknown	07.39	07.41	grs
SarasakuRakuSarasa-Bhairavi-WVB_VK-Unknown	07.41	07.44	ndp
SarasakuRakuSarasa-Bhairavi-WVB_VK-Unknown	07.44	07.45	dpm
SarasakuRakuSarasa-Bhairavi-WVB_VK-Unknown	07.47	07.49	grs
SarasakuRakuSarasa-Bhairavi-WVB_VK-Unknown	07.49	07.51	rgmp
SarasakuRakuSarasa-Bhairavi-WVB_VK-Unknown	07.51	07.52	grgm
SarasakuRakuSarasa-Bhairavi-WVB_VK-Unknown	07.51	07.52	gm
SarasakuRakuSarasa-Bhairavi-WVB_VK-Unknown	07.52	07.54	dpm
SarasakuRakuSarasa-Bhairavi-WVB_VK-Unknown	07.54	07.57	ndpmgrs
SarasakuRakuSarasa-Bhairavi-WVB_VK-Unknown	07.54	07.55	ndp
SarasakuRakuSarasa-Bhairavi-WVB_VK-Unknown	07.55	07.57	mgrs
SarasakuRakuSarasa-Bhairavi-WVB_VK-Unknown	07.57	07.59	nsrg
SarasakuRakuSarasa-Bhairavi-WVB_VK-Unknown	07.59	08.02	mpd
SarasakuRakuSarasa-Bhairavi-WVB_VK-Unknown	08.02	08.05	grgmp
SarasakuRakuSarasa-Bhairavi-WVB_VK-Unknown	08.05	08.06	pmg
SarasakuRakuSarasa-Bhairavi-WVB_VK-Unknown	08.06	08.08	rgm
SarasakuRakuSarasa-Bhairavi-WVB_VK-Unknown	08.08	08.11	dpmgrs
SarasakuRakuSarasa-Bhairavi-WVB_VK-Unknown	08.11	08.13	nsrgmp
SarasakuRakuSarasa-Bhairavi-WVB_VK-Unknown	08.13	08.14	pd'n
SarasakuRakuSarasa-Bhairavi-WVB_VK-Unknown	08.14	08.16	mpd
SarasakuRakuSarasa-Bhairavi-WVB_VK-Unknown	08.14	08.17	mpdm
SarasakuRakuSarasa-Bhairavi-WVB_VK-Unknown	08.17	08.18	grg
SarasakuRakuSarasa-Bhairavi-WVB_VK-Unknown	08.18	08.20	pmgrs
SarasakuRakuSarasa-Bhairavi-WVB_VK-Unknown	08.20	08.22	rg
SarasakuRakuSarasa-Bhairavi-WVB_VK-Unknown	08.22	08.23	mpd
SarasakuRakuSarasa-Bhairavi-WVB_VK-Unknown	08.23	08.25	mpd
SarasakuRakuSarasa-Bhairavi-WVB_VK-Unknown	08.25	08.28	pd'n
SarasakuRakuSarasa-Bhairavi-WVB_VK-Unknown	08.28	08.30	srgmgrs
SarasakuRakuSarasa-Bhairavi-WVB_VK-Unknown	08.28	08.30	gmgr
SarasakuRakuSarasa-Bhairavi-WVB_VK-Unknown	08.30	08.32	ndp


D. K. Jayaraman - Thaye Ezhai	00.01	00.03	d'ndp
D. K. Jayaraman - Thaye Ezhai	00.02	00.04	d'pmgrg	
D. K. Jayaraman - Thaye Ezhai	00.07	00.09	mpd'n
D. K. Jayaraman - Thaye Ezhai	00.10	00.12	gmp
D. K. Jayaraman - Thaye Ezhai	00.27	00.28	snspdp
D. K. Jayaraman - Thaye Ezhai	00.28	00.31	pmgrs
D. K. Jayaraman - Thaye Ezhai	00.29	00.31	grs
D. K. Jayaraman - Thaye Ezhai	00.31	00.32	sgr
D. K. Jayaraman - Thaye Ezhai	00.31	00.34	sgrgmppmpd'
D. K. Jayaraman - Thaye Ezhai	00.31	00.33	sgrgmp
D. K. Jayaraman - Thaye Ezhai	01.14	01.16	grgmp
D. K. Jayaraman - Thaye Ezhai	01.13	01.14	grg
D. K. Jayaraman - Thaye Ezhai	01.24	01.26	pd'nd
D. K. Jayaraman - Thaye Ezhai	01.26	01.28	pndpdm
D. K. Jayaraman - Thaye Ezhai	01.26	01.28	dpdm
D. K. Jayaraman - Thaye Ezhai	01.28	01.30	d'ns
D. K. Jayaraman - Thaye Ezhai	01.40	01.41	pd'nd'
D. K. Jayaraman - Thaye Ezhai	02.14	02.15	nd'nsrs
D. K. Jayaraman - Thaye Ezhai	02.15	02.16	rmgr
D. K. Jayaraman - Thaye Ezhai	02.16	02.17	sndp
D. K. Jayaraman - Thaye Ezhai	02.16	02.17	rsndp
D. K. Jayaraman - Thaye Ezhai	02.17	02.18	snspdp
D. K. Jayaraman - Thaye Ezhai	02.18	02.19	mpmgrs
D. K. Jayaraman - Thaye Ezhai	02.18	02.19	grs
D. K. Jayaraman - Thaye Ezhai	02.25	02.26	rgmp
D. K. Jayaraman - Thaye Ezhai	02.51	02.53	mm
D. K. Jayaraman - Thaye Ezhai	02.52	02.54	grgs
D. K. Jayaraman - Thaye Ezhai	02.52	02.54	rgm
D. K. Jayaraman - Thaye Ezhai	02.54	02.57	rgm
D. K. Jayaraman - Thaye Ezhai	02.54	02.57	grgm
D. K. Jayaraman - Thaye Ezhai	03.16	03.18	rgmpdnd
D. K. Jayaraman - Thaye Ezhai	03.30	03.32	pdn
D. K. Jayaraman - Thaye Ezhai	03.30	03.32	dpm
D. K. Jayaraman - Thaye Ezhai	03.32	03.35	pdndp
D. K. Jayaraman - Thaye Ezhai	03.59	04.01	pdnd
D. K. Jayaraman - Thaye Ezhai	04.02	04.03	pd'nd'
D. K. Jayaraman - Thaye Ezhai	04.03	04.05	d'ns
D. K. Jayaraman - Thaye Ezhai	04.23	04.25	d'nsr
D. K. Jayaraman - Thaye Ezhai	04.25	04.26	grsndp
D. K. Jayaraman - Thaye Ezhai	04.25	04.26	srgr
D. K. Jayaraman - Thaye Ezhai	04.26	04.27	snspdp
D. K. Jayaraman - Thaye Ezhai	04.27	04.29	mpmgr
D. K. Jayaraman - Thaye Ezhai	04.27	04.29	mgr
D. K. Jayaraman - Thaye Ezhai	04.40	04.41	rgmpd'



TayeBhairaviye-Bhairavi-PS-SSM	00.00	00.02	rg
TayeBhairaviye-Bhairavi-PS-SSM	00.02	00.03	m
TayeBhairaviye-Bhairavi-PS-SSM	00.03	00.05	nddp
TayeBhairaviye-Bhairavi-PS-SSM	00.14	00.15	m
TayeBhairaviye-Bhairavi-PS-SSM	00.15	00.17	grs
TayeBhairaviye-Bhairavi-PS-SSM	00.45	00.46	rs
TayeBhairaviye-Bhairavi-PS-SSM	00.46	00.48	grsnsr
TayeBhairaviye-Bhairavi-PS-SSM	00.48	00.51	rgm
TayeBhairaviye-Bhairavi-PS-SSM	00.48	00.51	rgr
TayeBhairaviye-Bhairavi-PS-SSM	01.10	01.12	mgpmdp
TayeBhairaviye-Bhairavi-PS-SSM	01.23	01.24	nn
TayeBhairaviye-Bhairavi-PS-SSM	01.24	01.25	snnd
TayeBhairaviye-Bhairavi-PS-SSM	01.26	01.28	pd'nd'
TayeBhairaviye-Bhairavi-PS-SSM	01.26	01.28	d'ns
TayeBhairaviye-Bhairavi-PS-SSM	01.28	01.29	nsr
TayeBhairaviye-Bhairavi-PS-SSM	01.29	01.31	rsns
TayeBhairaviye-Bhairavi-PS-SSM	01.59	02.01	snrs
TayeBhairaviye-Bhairavi-PS-SSM	02.02	02.04	nddp
TayeBhairaviye-Bhairavi-PS-SSM	02.04	02.05	mpd'n
TayeBhairaviye-Bhairavi-PS-SSM	02.05	02.06	rsn
TayeBhairaviye-Bhairavi-PS-SSM	02.06	02.08	pmgrs
TayeBhairaviye-Bhairavi-PS-SSM	02.18	02.19	rr
TayeBhairaviye-Bhairavi-PS-SSM	02.18	02.20	gmpm
TayeBhairaviye-Bhairavi-PS-SSM	02.20	02.22	dpmgr
TayeBhairaviye-Bhairavi-PS-SSM	02.22	02.24	gmrgsr
TayeBhairaviye-Bhairavi-PS-SSM	02.24	02.26	srgmdp
TayeBhairaviye-Bhairavi-PS-SSM	02.24	02.26	srgm
TayeBhairaviye-Bhairavi-PS-SSM	02.28	02.30	nd'nm
TayeBhairaviye-Bhairavi-PS-SSM	02.30	02.31	ndpd
TayeBhairaviye-Bhairavi-PS-SSM	02.31	02.33	mpd'n
TayeBhairaviye-Bhairavi-PS-SSM	02.34	02.35	ngrs
TayeBhairaviye-Bhairavi-PS-SSM	02.34	02.35	ps
TayeBhairaviye-Bhairavi-PS-SSM	02.35	02.36	d'nsr
TayeBhairaviye-Bhairavi-PS-SSM	02.38	02.39	srnsr
TayeBhairaviye-Bhairavi-PS-SSM	02.38	02.39	nsr
TayeBhairaviye-Bhairavi-PS-SSM	02.39	02.40	pgr
TayeBhairaviye-Bhairavi-PS-SSM	02.40	02.42	ggrsnd'n
TayeBhairaviye-Bhairavi-PS-SSM	02.42	02.43	srg
TayeBhairaviye-Bhairavi-PS-SSM	02.45	02.46	nsrg
TayeBhairaviye-Bhairavi-PS-SSM	02.46	02.48	srns
TayeBhairaviye-Bhairavi-PS-SSM	02.45	02.48	nsrgsrns
TayeBhairaviye-Bhairavi-PS-SSM	02.48	02.49	pdm
TayeBhairaviye-Bhairavi-PS-SSM	02.49	02.51	pd'ns
TayeBhairaviye-Bhairavi-PS-SSM	02.52	02.53	mndpm
TayeBhairaviye-Bhairavi-PS-SSM	02.53	02.54	grs
TayeBhairaviye-Bhairavi-PS-SSM	03.04	03.06	nddp
TayeBhairaviye-Bhairavi-PS-SSM	03.06	03.09	pd'nsrs
TayeBhairaviye-Bhairavi-PS-SSM	03.09	03.11	nddp
TayeBhairaviye-Bhairavi-PS-SSM	03.13	03.15	mndp
TayeBhairaviye-Bhairavi-PS-SSM	03.17	03.18	rgm
TayeBhairaviye-Bhairavi-PS-SSM	03.19	03.21	mp
TayeBhairaviye-Bhairavi-PS-SSM	03.40	03.42	rsnd'
TayeBhairaviye-Bhairavi-PS-SSM	04.22	04.24	rsnnddp
TayeBhairaviye-Bhairavi-PS-SSM	04.22	04.24	nddp
TayeBhairaviye-Bhairavi-PS-SSM	04.22	04.24	rsn
TayeBhairaviye-Bhairavi-PS-SSM	04.24	04.25	mpd'n
TayeBhairaviye-Bhairavi-PS-SSM	04.53	04.54	sp
	


tanayunibrOvajanani-bhairavi-tyAgarAja-KVN	00.01	00.04	snrsnnddp
tanayunibrOvajanani-bhairavi-tyAgarAja-KVN	00.01	00.04	rdnnddp
tanayunibrOvajanani-bhairavi-tyAgarAja-KVN	00.02	00.04	nddp
tanayunibrOvajanani-bhairavi-tyAgarAja-KVN	00.04	00.06	d'ns
tanayunibrOvajanani-bhairavi-tyAgarAja-KVN	00.27	00.29	d'nsrsndp
tanayunibrOvajanani-bhairavi-tyAgarAja-KVN	00.29	00.30	mgrs
tanayunibrOvajanani-bhairavi-tyAgarAja-KVN	00.42	00.44	mpnd	
tanayunibrOvajanani-bhairavi-tyAgarAja-KVN	00.42	00.44	mpd'
tanayunibrOvajanani-bhairavi-tyAgarAja-KVN	00.56	00.57	rsn
tanayunibrOvajanani-bhairavi-tyAgarAja-KVN	00.58	1.00	rgmrgs
tanayunibrOvajanani-bhairavi-tyAgarAja-KVN	01.01	01.03	rgmp
tanayunibrOvajanani-bhairavi-tyAgarAja-KVN	01.04	01.06	mgmpmgr
tanayunibrOvajanani-bhairavi-tyAgarAja-KVN	02.04	02.05	pndm
tanayunibrOvajanani-bhairavi-tyAgarAja-KVN	02.05	02.07	d'ns
tanayunibrOvajanani-bhairavi-tyAgarAja-KVN	02.05	02.08	d'nsrs
tanayunibrOvajanani-bhairavi-tyAgarAja-KVN	02.15	02.17	pdmpd'
tanayunibrOvajanani-bhairavi-tyAgarAja-KVN	02.19	02.20	grs
tanayunibrOvajanani-bhairavi-tyAgarAja-KVN	02.21	02.22	d'ns
tanayunibrOvajanani-bhairavi-tyAgarAja-KVN	02.24	02.26	nddp
tanayunibrOvajanani-bhairavi-tyAgarAja-KVN	02.49	02.51	d'ns
tanayunibrOvajanani-bhairavi-tyAgarAja-KVN	02.53	02.54	nddp
tanayunibrOvajanani-bhairavi-tyAgarAja-KVN	02.54	02.55	mpd'n
tanayunibrOvajanani-bhairavi-tyAgarAja-KVN	03.44	03.46	mnd
tanayunibrOvajanani-bhairavi-tyAgarAja-KVN	03.47	03.48	dpmgr
tanayunibrOvajanani-bhairavi-tyAgarAja-KVN	03.50	03.51	rgm
tanayunibrOvajanani-bhairavi-tyAgarAja-KVN	03.53	03.54	mpdp
tanayunibrOvajanani-bhairavi-tyAgarAja-KVN	03.51	03.53	pdndpdm
tanayunibrOvajanani-bhairavi-tyAgarAja-KVN	03.51	03.53	pdn
tanayunibrOvajanani-bhairavi-tyAgarAja-KVN	03.55	03.56	pdndpm
tanayunibrOvajanani-bhairavi-tyAgarAja-KVN	03.56	03.58	pd'ns
tanayunibrOvajanani-bhairavi-tyAgarAja-KVN	04.00	04.02	d'ns
tanayunibrOvajanani-bhairavi-tyAgarAja-KVN	04.03	04.05	rsnnddp
tanayunibrOvajanani-bhairavi-tyAgarAja-KVN	04.03	04.05	nddp
tanayunibrOvajanani-bhairavi-tyAgarAja-KVN	04.27	04.29	d'ns
tanayunibrOvajanani-bhairavi-tyAgarAja-KVN	04.29	04.31	rsnnddp
tanayunibrOvajanani-bhairavi-tyAgarAja-KVN	04.31	04.33	mpd'n


Kamakshi-Bhairavi-SS-MSS	00.02	00.03	d'n
Kamakshi-Bhairavi-SS-MSS	00.04	00.06	npd
Kamakshi-Bhairavi-SS-MSS	00.07	00.09	dmp
Kamakshi-Bhairavi-SS-MSS	00.10	00.12	d'ns
Kamakshi-Bhairavi-SS-MSS	00.12	00.13	ngr
Kamakshi-Bhairavi-SS-MSS	01.02	01.03	gr
Kamakshi-Bhairavi-SS-MSS	01.14	01.16	d'nsrg
Kamakshi-Bhairavi-SS-MSS	01.16	01.19	mgr
Kamakshi-Bhairavi-SS-MSS	01.16	01.19	mpmgr
Kamakshi-Bhairavi-SS-MSS	01.20	01.21	rns
Kamakshi-Bhairavi-SS-MSS	01.20	01.21	rnsr
Kamakshi-Bhairavi-SS-MSS	01.20	01.23	srgmp
Kamakshi-Bhairavi-SS-MSS	01.23	01.25	d'ns
Kamakshi-Bhairavi-SS-MSS	01.25	01.26	rndp
Kamakshi-Bhairavi-SS-MSS	01.26	01.28	pmg
Kamakshi-Bhairavi-SS-MSS	01.28	01.29	rs
Kamakshi-Bhairavi-SS-MSS	01.28	01.29	srs
Kamakshi-Bhairavi-SS-MSS	02.07	02.10	srnsr
Kamakshi-Bhairavi-SS-MSS	02.07	02.10	nsr
Kamakshi-Bhairavi-SS-MSS	02.10	02.13	nrsndpm
Kamakshi-Bhairavi-SS-MSS	02.13	02.19	pd'nsr
Kamakshi-Bhairavi-SS-MSS	02.19	02.20	rrs
Kamakshi-Bhairavi-SS-MSS	02.55	02.57	rgs
Kamakshi-Bhairavi-SS-MSS	02.53	02.57	rgrgs
Kamakshi-Bhairavi-SS-MSS	02.57	03.00	ngrsr
Kamakshi-Bhairavi-SS-MSS	02.57	03.00	ngr
Kamakshi-Bhairavi-SS-MSS	03.00	03.03	nrsnd'
Kamakshi-Bhairavi-SS-MSS	03.03	03.06	nsr
Kamakshi-Bhairavi-SS-MSS	03.27	03.29	ngr
Kamakshi-Bhairavi-SS-MSS	03.41	03.43	gmgr
Kamakshi-Bhairavi-SS-MSS	03.41	03.43	mgr
Kamakshi-Bhairavi-SS-MSS	03.43	03.45	srns
Kamakshi-Bhairavi-SS-MSS	03.45	03.46	nsrg
Kamakshi-Bhairavi-SS-MSS	03.47	03.49	mpgr
Kamakshi-Bhairavi-SS-MSS	03.49	03.51	gmp
Kamakshi-Bhairavi-SS-MSS	03.51	03.53	dmgrs
Kamakshi-Bhairavi-SS-MSS	03.53	03.55	nsn
Kamakshi-Bhairavi-SS-MSS	03.55	03.56	gr
Kamakshi-Bhairavi-SS-MSS	03.56	04.01	gmpd'nndp
Kamakshi-Bhairavi-SS-MSS	03.59	04.01	nndp
Kamakshi-Bhairavi-SS-MSS	04.02	04.04	pmgrs
Kamakshi-Bhairavi-SS-MSS	04.50	04.53	mpndm
Kamakshi-Bhairavi-SS-MSS	04.52	04.53	ndm
Kamakshi-Bhairavi-SS-MSS	04.53	04.56	pdpmgr
Kamakshi-Bhairavi-SS-MSS	04.56	04.58	gmp
Kamakshi-Bhairavi-SS-MSS	04.58	05.00	gmp
Kamakshi-Bhairavi-SS-MSS	05.00	05.02	pmgr
Kamakshi-Bhairavi-SS-MSS	05.02	05.04	nsr
Kamakshi-Bhairavi-SS-MSS	05.04	05.05	nsr
Kamakshi-Bhairavi-SS-MSS	05.05	05.08	nsrgmp
Kamakshi-Bhairavi-SS-MSS	05.09	05.10	d'ns
Kamakshi-Bhairavi-SS-MSS	05.10	05.11	sp
Kamakshi-Bhairavi-SS-MSS	05.11	05.14	sndpmgr
Kamakshi-Bhairavi-SS-MSS	05.25	05.26	mp
Kamakshi-Bhairavi-SS-MSS	05.25	05.27	mpnd
Kamakshi-Bhairavi-SS-MSS	05.27	05.29	mpdp
Kamakshi-Bhairavi-SS-MSS	05.27	05.29	pdp
Kamakshi-Bhairavi-SS-MSS	05.29	05.30	pmgr
Kamakshi-Bhairavi-SS-MSS	05.45	05.47	gpmgr
Kamakshi-Bhairavi-SS-MSS	05.47	05.49	rnsr
Kamakshi-Bhairavi-SS-MSS	05.52	05.54	gmpd'
Kamakshi-Bhairavi-SS-MSS	05.54	05.56	nsp
Kamakshi-Bhairavi-SS-MSS	05.53	05.55	pd'ns
Kamakshi-Bhairavi-SS-MSS	06.10	06.13	pdpmgr
Kamakshi-Bhairavi-SS-MSS	06.11	06.13	pmgr
Kamakshi-Bhairavi-SS-MSS	06.13	06.15	gmp
Kamakshi-Bhairavi-SS-MSS	06.15	06.17	mgrgm
Kamakshi-Bhairavi-SS-MSS	06.15	06.16	mgr
Kamakshi-Bhairavi-SS-MSS	06.16	06.19	gmgr
Kamakshi-Bhairavi-SS-MSS	06.19	06.21	nsr
Kamakshi-Bhairavi-SS-MSS	06.21	06.24	gmgrs
Kamakshi-Bhairavi-SS-MSS	06.23	06.24	grs
Kamakshi-Bhairavi-SS-MSS	06.25	06.27	pmgrs
Kamakshi-Bhairavi-SS-MSS	06.27	06.30	rsndp
Kamakshi-Bhairavi-SS-MSS	06.30	06.32	mgrs
Kamakshi-Bhairavi-SS-MSS	07.09	07.12	pmgrs
Kamakshi-Bhairavi-SS-MSS	07.23	07.25	dpnd
Kamakshi-Bhairavi-SS-MSS	07.25	07.27	pmgr
Kamakshi-Bhairavi-SS-MSS	07.27	07.30	gmpdp
Kamakshi-Bhairavi-SS-MSS	07.30	07.33	mgmpmgr
Kamakshi-Bhairavi-SS-MSS	07.32	07.33	pmgr
Kamakshi-Bhairavi-SS-MSS	07.34	07.36	gmg
Kamakshi-Bhairavi-SS-MSS	07.37	07.39	rgmgr
Kamakshi-Bhairavi-SS-MSS	07.39	07.41	gsrns
Kamakshi-Bhairavi-SS-MSS	07.40	07.41	rns
Kamakshi-Bhairavi-SS-MSS	07.42	07.46	grsndpmgr
Kamakshi-Bhairavi-SS-MSS	07.57	08.00	dpndpm
Kamakshi-Bhairavi-SS-MSS	08.01	08.02	gmpdp
Kamakshi-Bhairavi-SS-MSS	08.00	08.01	gr
Kamakshi-Bhairavi-SS-MSS	08.02	08.04	dmp
Kamakshi-Bhairavi-SS-MSS	08.04	08.05	dp
Kamakshi-Bhairavi-SS-MSS	08.13	08.14	mgmp
Kamakshi-Bhairavi-SS-MSS	08.14	08.15	pmgr
Kamakshi-Bhairavi-SS-MSS	08.19	08.20	rgmg
Kamakshi-Bhairavi-SS-MSS	08.20	08.21	rgs
Kamakshi-Bhairavi-SS-MSS	08.21	08.23	rns
Kamakshi-Bhairavi-SS-MSS	08.39	08.40	nrsr
Kamakshi-Bhairavi-SS-MSS	08.40	08.43	nrnd
Kamakshi-Bhairavi-SS-MSS	08.43	08.45	pdmpgr
Kamakshi-Bhairavi-SS-MSS	08.45	08.47	srns
Kamakshi-Bhairavi-SS-MSS	08.47	08.49	rgmp
Kamakshi-Bhairavi-SS-MSS	08.49	08.51	sndp
Kamakshi-Bhairavi-SS-MSS	08.49	08.51	mpsndp
Kamakshi-Bhairavi-SS-MSS	08.51	08.53	mgrs
Kamakshi-Bhairavi-SS-MSS	08.53	08.55	nd'n
Kamakshi-Bhairavi-SS-MSS	08.55	08.57	srgmp
Kamakshi-Bhairavi-SS-MSS	08.57	08.59	pmgr
Kamakshi-Bhairavi-SS-MSS	09.00	09.03	nsrgmp
Kamakshi-Bhairavi-SS-MSS	09.03	09.05	srgmpd
Kamakshi-Bhairavi-SS-MSS	09.06	09.08	mpgrgm
Kamakshi-Bhairavi-SS-MSS	09.08	09.11	pmpd'ns
Kamakshi-Bhairavi-SS-MSS	09.11	09.13	pd'nsrg
Kamakshi-Bhairavi-SS-MSS	09.13	09.16	mgrs
Kamakshi-Bhairavi-SS-MSS	09.16	09.17	ndp
Kamakshi-Bhairavi-SS-MSS	09.17	09.19	gr
Kamakshi-Bhairavi-SS-MSS	09.19	09.22	sndp
Kamakshi-Bhairavi-SS-MSS	09.22	09.23	rgr
Kamakshi-Bhairavi-SS-MSS	09.37	09.39	nrndp
Kamakshi-Bhairavi-SS-MSS	09.39	09.42	pmpgrs
Kamakshi-Bhairavi-SS-MSS	09.42	09.43	rns
Kamakshi-Bhairavi-SS-MSS	10.13	1015	rr
Kamakshi-Bhairavi-SS-MSS	10.30	10.32	sgr
Kamakshi-Bhairavi-SS-MSS	10.32	10.35	srsrndm
Kamakshi-Bhairavi-SS-MSS	10.32	10.34	srsr
Kamakshi-Bhairavi-SS-MSS	10.34	10.35	ndm
Kamakshi-Bhairavi-SS-MSS	10.35	10.37	pd'n
Kamakshi-Bhairavi-SS-MSS	10.37	10.40	d'ns
Kamakshi-Bhairavi-SS-MSS	10.51	10.52	gr
Kamakshi-Bhairavi-SS-MSS	10.54	10.55	ndp
Kamakshi-Bhairavi-SS-MSS	10.52	10.54	grsrs
Kamakshi-Bhairavi-SS-MSS	10.54	10.56	ndpmg
Kamakshi-Bhairavi-SS-MSS	10.56	10.58	mgrs
Kamakshi-Bhairavi-SS-MSS	10.58	11.00	ns
Kamakshi-Bhairavi-SS-MSS	11.00	11.03	rgmp
Kamakshi-Bhairavi-SS-MSS	11.03	11.06	gmgr
Kamakshi-Bhairavi-SS-MSS	11.06	11.08	sns
Kamakshi-Bhairavi-SS-MSS	11.09	11.11	pmp
Kamakshi-Bhairavi-SS-MSS	11.12	11.17	d'nsr
Kamakshi-Bhairavi-SS-MSS	11.18	11.21	gmgrgr
Kamakshi-Bhairavi-SS-MSS	11.21	11.24	srndp
Kamakshi-Bhairavi-SS-MSS	11.24	11.27	mgrgr
Kamakshi-Bhairavi-SS-MSS	11.38	11.40	sgrs
Kamakshi-Bhairavi-SS-MSS	11.40	11.42	rsr
Kamakshi-Bhairavi-SS-MSS	11.42	11.43	srsndpdm
Kamakshi-Bhairavi-SS-MSS	11.42	11.43	dpdm
Kamakshi-Bhairavi-SS-MSS	11.43	11.45	pd'nd'
Kamakshi-Bhairavi-SS-MSS	11.45	11.47	d'ns
Kamakshi-Bhairavi-SS-MSS	12.02	12.03	ngr
Kamakshi-Bhairavi-SS-MSS	12.03	12.06	srsndp
Kamakshi-Bhairavi-SS-MSS	12.06	12.07	mg
Kamakshi-Bhairavi-SS-MSS	12.28	12.30	gmg
Kamakshi-Bhairavi-SS-MSS	12.30	12.31	rgr
Kamakshi-Bhairavi-SS-MSS	12.32	12.33	sr
Kamakshi-Bhairavi-SS-MSS	12.33	12.34	sndp
Kamakshi-Bhairavi-SS-MSS	12.33	12.34	srsndp
Kamakshi-Bhairavi-SS-MSS	12.34	12.35	pmg
Kamakshi-Bhairavi-SS-MSS	12.35	12.37	rgr










	


















